variable_1,variable_2,correlation
logAdSpend,logAdSpend,1
logNews,logAdSpend,0.5651659523409676
lBrandwatch,logAdSpend,0.5180687993469267
logWiki,logAdSpend,0.40887069705338663
logSearch,logAdSpend,0.39454611662282757
Salient,logAdSpend,0.09835132570213528
BRP5,logAdSpend,0.27049394035999147
MRR,logAdSpend,0.24145612140813447
logAdSpend,logNews,0.5651659523409676
logNews,logNews,0.9999999999999999
lBrandwatch,logNews,0.4956447341718415
logWiki,logNews,0.3194814669667071
logSearch,logNews,0.207869302136385
Salient,logNews,0.0027173024953460524
BRP5,logNews,0.19808320161496337
MRR,logNews,0.17752775110141733
logAdSpend,lBrandwatch,0.5180687993469267
logNews,lBrandwatch,0.4956447341718415
lBrandwatch,lBrandwatch,0.9999999999999998
logWiki,lBrandwatch,0.6988442381384283
logSearch,lBrandwatch,0.5843439713998642
Salient,lBrandwatch,0.17486856503989084
BRP5,lBrandwatch,0.5276640261969634
MRR,lBrandwatch,0.4819543947344452
logAdSpend,logWiki,0.40887069705338663
logNews,logWiki,0.3194814669667071
lBrandwatch,logWiki,0.6988442381384283
logWiki,logWiki,1
logSearch,logWiki,0.4591391244432917
Salient,logWiki,0.0750077148314826
BRP5,logWiki,0.4167792713975841
MRR,logWiki,0.33138716781644856
logAdSpend,logSearch,0.39454611662282757
logNews,logSearch,0.207869302136385
lBrandwatch,logSearch,0.5843439713998642
logWiki,logSearch,0.4591391244432917
logSearch,logSearch,0.9999999999999999
Salient,logSearch,0.2097147579373252
BRP5,logSearch,0.5958512983452325
MRR,logSearch,0.5506977695863845
logAdSpend,Salient,0.09835132570213528
logNews,Salient,0.0027173024953460524
lBrandwatch,Salient,0.17486856503989084
logWiki,Salient,0.0750077148314826
logSearch,Salient,0.2097147579373252
Salient,Salient,1
BRP5,Salient,0.29926624545475605
MRR,Salient,0.37028996125583236
logAdSpend,BRP5,0.27049394035999147
logNews,BRP5,0.19808320161496337
lBrandwatch,BRP5,0.5276640261969634
logWiki,BRP5,0.4167792713975841
logSearch,BRP5,0.5958512983452325
Salient,BRP5,0.29926624545475605
BRP5,BRP5,1
MRR,BRP5,0.8718599732761076
logAdSpend,MRR,0.24145612140813447
logNews,MRR,0.17752775110141733
lBrandwatch,MRR,0.4819543947344452
logWiki,MRR,0.33138716781644856
logSearch,MRR,0.5506977695863845
Salient,MRR,0.37028996125583236
BRP5,MRR,0.8718599732761076
MRR,MRR,1
