Key,Brand,Category,Vet_General,Science_Natural,Trad_UltPrem,VesselBig,Service,Conventional_Expedition,Family_AdultOnly,Technical,Urban,Value,Sustainability,DrillDIY_pro,Auto_Manual,Convenience,Drip_Espresso,BuildGrade
BC2,American Cruise Lines,Boat Cruise,,,,1,3.3333333333333335,3,4,,,,,,,,,
BC4,Carnival,Boat Cruise,,,,4.25,1,1,1.3333333333333333,,,,,,,,,
BC5,Celebrity Cruises,Boat Cruise,,,,3.416666667,2.75,1.5,3.25,,,,,,,,,
BC9,Disney Cruise Line,Boat Cruise,,,,3.833333333,2.75,1.0833333333333333,1,,,,,,,,,
BC10,Holland America Line,Boat Cruise,,,,2.916666667,2.8333333333333335,2.0833333333333335,3.9166666666666665,,,,,,,,,
BC6,Lindblad Expeditions,Boat Cruise,,,,1,3.8333333333333335,5,4.25,,,,,,,,,
BC11,MSC Cruises,Boat Cruise,,,,4.666666667,1,1,1.5833333333333333,,,,,,,,,
BC12,NCL,Boat Cruise,,,,4.083333333,1.3333333333333333,1.0833333333333333,1.8333333333333333,,,,,,,,,
BC7,Ponant,Boat Cruise,,,,1,4.5,4.25,4.416666666666667,,,,,,,,,
BC13,Princess (Cruises),Boat Cruise,,,,3.666666667,2.4166666666666665,1.5,2.75,,,,,,,,,
BC14,Royal Caribbean,Boat Cruise,,,,4.916666667,1.3333333333333333,1,1.25,,,,,,,,,
BC16,Viking (Cruising),Boat Cruise,,,,1.416666667,3.5,2.9166666666666665,5,,,,,,,,,
BC1,AmaWaterways,Boat Cruise,,,,1,3.6666666666666665,3,3.6666666666666665,,,,,,,,,
BC3,Avalon Waterways,Boat Cruise,,,,1,3.4166666666666665,3,4,,,,,,,,,
BC17,Costa (Cruises),Boat Cruise,,,,4.166666667,1.0833333333333333,1,1.5833333333333333,,,,,,,,,
BC8,CroisiEurope,Boat Cruise,,,,1,2.6666666666666665,3,3.9166666666666665,,,,,,,,,
BC18,Crystal (Cruising),Boat Cruise,,,,1.5,5,2.3333333333333335,4.583333333333333,,,,,,,,,
BC19,Cunard,Boat Cruise,,,,3,3.4166666666666665,1.8333333333333333,4.083333333333333,,,,,,,,,
BC20,Oceania Cruises,Boat Cruise,,,,1.833333333,4,2.6666666666666665,4.583333333333333,,,,,,,,,
BC21,Regent Seven Seas Cruises,Boat Cruise,,,,1.5,5,2.5833333333333335,4.666666666666667,,,,,,,,,
BC22,Seabourn,Boat Cruise,,,,1.25,5,3.1666666666666665,4.75,,,,,,,,,
BC23,Silversea,Boat Cruise,,,,1.25,5,3.4166666666666665,4.666666666666667,,,,,,,,,
BC15,Uniworld Boutique River Cruises,Boat Cruise,,,,1,4.333333333333333,3,4.083333333333333,,,,,,,,,
BC24,Virgin Voyages,Boat Cruise,,,,3.083333333,2.6666666666666665,1.25,5,,,,,,,,,
BC25,Windstar,Boat Cruise,,,,1,3.8333333333333335,3.1666666666666665,4.5,,,,,,,,,
BC26,Azamara,Boat Cruise,,,,1.583333333,3.5833333333333335,3,4.416666666666667,,,,,,,,,
BC27,Quark Expeditions,Boat Cruise,,,,1,3.5,5,4.333333333333333,,,,,,,,,
BC28,HX (Hurtigruten Expeditions),Boat Cruise,,,,1.25,3.0833333333333335,4.833333333333333,4.333333333333333,,,,,,,,,
BC29,SeaDream Yacht Club,Boat Cruise,,,,1,4.666666666666667,2.75,4.75,,,,,,,,,
BC30,Aurora Expeditions,Boat Cruise,,,,1,3.5833333333333335,5,4.333333333333333,,,,,,,,,
BC31,UnCruise Adventures,Boat Cruise,,,,1,3.4166666666666665,4.75,3.75,,,,,,,,,
BC32,Explora Journeys,Boat Cruise,,,,1.666666667,4.583333333333333,2.1666666666666665,4.166666666666667,,,,,,,,,
BC34,Paul Gauguin Cruises,Boat Cruise,,,,1,4.333333333333333,3.0833333333333335,4.25,,,,,,,,,
BC35,Oceanwide Expeditions,Boat Cruise,,,,1,3,5,4.416666666666667,,,,,,,,,
BC36,Adventure Canada,Boat Cruise,,,,1,3.25,4.833333333333333,4.25,,,,,,,,,
BC39,Scenic,Boat Cruise,,,,1,4.5,3.4166666666666665,4.416666666666667,,,,,,,,,
BC40,Swan Hellenic,Boat Cruise,,,,1,4,4.5,4.5,,,,,,,,,
CF1,Blue Buffalo,Cat Food,4.333333333333333,4.25,1.9166666666666667,,,,,,,,,,,,,
CF2,Fancy Feast,Cat Food,5,2.6666666666666665,1.3333333333333333,,,,,,,,,,,,,
CF3,Friskies,Cat Food,5,1.75,1,,,,,,,,,,,,,
CF4,Hill's,Cat Food,1.5833333333333333,1.1666666666666667,1.4166666666666667,,,,,,,,,,,,,
CF5,IAMS,Cat Food,3.4166666666666665,1.25,1.1666666666666667,,,,,,,,,,,,,
CF18,Meow Mix,Cat Food,5,1.6666666666666667,1,,,,,,,,,,,,,
CF6,Merrick,Cat Food,4.5,4.583333333333333,2.4166666666666665,,,,,,,,,,,,,
CF8,"Purina (ambiguous, parent brand)",Cat Food,2.75,1.5833333333333333,1.3333333333333333,,,,,,,,,,,,,
CF9,Royal Canin,Cat Food,1.5833333333333333,1.1666666666666667,1.5833333333333333,,,,,,,,,,,,,
CF10,Taste of the Wild,Cat Food,4.833333333333333,4.75,2,,,,,,,,,,,,,
CF11,Wellness,Cat Food,4.333333333333333,4.5,2.25,,,,,,,,,,,,,
CF26,Wellness Complete Health,Cat Food,4.333333333333333,4.333333333333333,2,,,,,,,,,,,,,
CF24,Whiskas,Cat Food,5,1.6666666666666667,1,,,,,,,,,,,,,
CF14,9 Lives,Cat Food,5,1.5,1,,,,,,,,,,,,,
CF15,Acana,Cat Food,4.5,4.833333333333333,2.5833333333333335,,,,,,,,,,,,,
CF16,(Purina) Cat Chow,Cat Food,4.75,1.3333333333333333,1,,,,,,,,,,,,,
CF17,Freshpet,Cat Food,4.666666666666667,4.75,4.75,,,,,,,,,,,,,
CF19,Nutrish,Cat Food,4.833333333333333,4.166666666666667,1.5833333333333333,,,,,,,,,,,,,
CF20,Nutro,Cat Food,4.083333333333333,4.166666666666667,1.6666666666666667,,,,,,,,,,,,,
CF7,Orijen,Cat Food,4.5,4.916666666666667,2.9166666666666665,,,,,,,,,,,,,
CF27,Purina One,Cat Food,3.5,1.4166666666666667,1.1666666666666667,,,,,,,,,,,,,
CF28,Purina Pro Plan,Cat Food,2.3333333333333335,1.5,1.5,,,,,,,,,,,,,
CF23,Sheba,Cat Food,5,2.75,1.3333333333333333,,,,,,,,,,,,,
CF29,Wellness CORE,Cat Food,4.416666666666667,4.583333333333333,2.5833333333333335,,,,,,,,,,,,,
CF25,Ziwi Peak,Cat Food,4.583333333333333,4.916666666666667,4.833333333333333,,,,,,,,,,,,,
CF30,Tiki cat,Cat Food,4.666666666666667,4.916666666666667,3.5,,,,,,,,,,,,,
CF31,Smalls,Cat Food,4.583333333333333,5,5,,,,,,,,,,,,,
CF32,Rayne Nutrition,Cat Food,1.0833333333333333,2.6666666666666665,1.9166666666666667,,,,,,,,,,,,,
CF33,Farmina,Cat Food,3,3.75,2.3333333333333335,,,,,,,,,,,,,
CF34,Weruva,Cat Food,4.666666666666667,4.833333333333333,3.6666666666666665,,,,,,,,,,,,,
CF35,Stella & Chewy's,Cat Food,4.666666666666667,4.916666666666667,4.666666666666667,,,,,,,,,,,,,
CF36,Open Farm,Cat Food,4.75,4.916666666666667,3.8333333333333335,,,,,,,,,,,,,
CF37,Feline Natural,Cat Food,4.583333333333333,4.916666666666667,4.666666666666667,,,,,,,,,,,,,
CF38,Instinct,Cat Food,4.5,4.75,3.9166666666666665,,,,,,,,,,,,,
CF40,Primal Pet Foods,Cat Food,4.666666666666667,4.916666666666667,4.916666666666667,,,,,,,,,,,,,
CF42,The Honest Kitchen,Cat Food,4.666666666666667,4.916666666666667,4.666666666666667,,,,,,,,,,,,,
CF43,RAWZ,Cat Food,4.5,4.75,3.3333333333333335,,,,,,,,,,,,,
CF44,Raised Right,Cat Food,4.416666666666667,4.833333333333333,4.75,,,,,,,,,,,,,
CF46,Viva Raw,Cat Food,4.75,5,5,,,,,,,,,,,,,
CF47,Vital Essentials,Cat Food,4.666666666666667,4.916666666666667,4.916666666666667,,,,,,,,,,,,,
CF48,Virbac Veterinary HPM,Cat Food,1.25,1.4166666666666667,1.4166666666666667,,,,,,,,,,,,,
CF49,Koha,Cat Food,4.416666666666667,4.666666666666667,3.0833333333333335,,,,,,,,,,,,,
CF50,Nulo,Cat Food,4.25,4.25,2.5,,,,,,,,,,,,,
CF51,Hound & Gatos,Cat Food,4.583333333333333,4.666666666666667,2.9166666666666665,,,,,,,,,,,,,
CF52,Caru,Cat Food,4.666666666666667,4.75,3.5833333333333335,,,,,,,,,,,,,
CF53,Dr. Elsey’s,Cat Food,3.4166666666666665,3.0833333333333335,1.9166666666666667,,,,,,,,,,,,,
CF54,JustFoodForCats,Cat Food,3.4166666666666665,4.916666666666667,4.916666666666667,,,,,,,,,,,,,
CF55,Smallbatch Pets,Cat Food,4.75,4.916666666666667,4.916666666666667,,,,,,,,,,,,,
CF56,Annamaet,Cat Food,3.5833333333333335,3.0833333333333335,1.5833333333333333,,,,,,,,,,,,,
CF57,Forza10,Cat Food,2.5833333333333335,2.6666666666666665,1.8333333333333333,,,,,,,,,,,,,
CF58,Fromm,Cat Food,4.583333333333333,4.166666666666667,1.8333333333333333,,,,,,,,,,,,,
CF59,Canidae,Cat Food,4.5,4.083333333333333,1.75,,,,,,,,,,,,,
CF60,Darwin's Natural Pet Products,Cat Food,4.25,5,5,,,,,,,,,,,,,
CF62,Fussie Cat,Cat Food,4.833333333333333,4.416666666666667,2.8333333333333335,,,,,,,,,,,,,
CF64,Kirkland Signature,Cat Food,4.916666666666667,2.5833333333333335,1.1666666666666667,,,,,,,,,,,,,
CF65,Kit & Kaboodle,Cat Food,5,1.4166666666666667,1,,,,,,,,,,,,,
CF67,Schesir,Cat Food,4.75,4.666666666666667,3.3333333333333335,,,,,,,,,,,,,
CF68,Solid Gold,Cat Food,4.333333333333333,4.25,2.1666666666666665,,,,,,,,,,,,,
CM1,Bonavita,Coffee Maker,,,,,,,,,,,,,2.4166666666666665,3.5,1,3
CM2,Breville,Coffee Maker,,,,,,,,,,,,,3.4166666666666665,2.75,3.75,3.4166666666666665
CM4,Cuisinart,Coffee Maker,,,,,,,,,,,,,1.9166666666666667,4.166666666666667,1.8333333333333333,1.9166666666666667
CM5,DeLonghi,Coffee Maker,,,,,,,,,,,,,2.4166666666666665,3.75,4.333333333333333,2.75
CM6,Hamilton Beach,Coffee Maker,,,,,,,,,,,,,1.6666666666666667,4.416666666666667,1.25,1.1666666666666667
CM7,Keurig,Coffee Maker,,,,,,,,,,,,,1,5,1.4166666666666667,1.5833333333333333
CM8,Mr. Coffee,Coffee Maker,,,,,,,,,,,,,1.6666666666666667,4.333333333333333,1.5833333333333333,1.0833333333333333
CM9,Nespresso,Coffee Maker,,,,,,,,,,,,,1,5,5,2.5833333333333335
CM10,Ninja,Coffee Maker,,,,,,,,,,,,,2.25,4,2.25,2.3333333333333335
CM11,OXO,Coffee Maker,,,,,,,,,,,,,2.4166666666666665,3.5833333333333335,1.1666666666666667,3
CM12,Technivorm,Coffee Maker,,,,,,,,,,,,,2.4166666666666665,3.4166666666666665,1,4.166666666666667
CM13,Bella,Coffee Maker,,,,,,,,,,,,,1.5833333333333333,4.416666666666667,1.4166666666666667,1.0833333333333333
CM14,Black+Decker,Coffee Maker,,,,,,,,,,,,,1.5833333333333333,4.416666666666667,1.0833333333333333,1.0833333333333333
CM15,Braun,Coffee Maker,,,,,,,,,,,,,1.9166666666666667,4.166666666666667,1.5,2.0833333333333335
CM16,Brentwood,Coffee Maker,,,,,,,,,,,,,1.5833333333333333,4.416666666666667,1.3333333333333333,1
CM3,Bunn,Coffee Maker,,,,,,,,,,,,,1.75,4.25,1,2.75
CM17,Capresso,Coffee Maker,,,,,,,,,,,,,2.4166666666666665,3.75,3.25,2.5
CM18,Jura,Coffee Maker,,,,,,,,,,,,,1.1666666666666667,4.833333333333333,5,4.166666666666667
CM19,KitchenAid,Coffee Maker,,,,,,,,,,,,,2.4166666666666665,3.6666666666666665,2.5,2.6666666666666665
CM20,Nescafe,Coffee Maker,,,,,,,,,,,,,1,5,4.666666666666667,1.5
CM21,Philips,Coffee Maker,,,,,,,,,,,,,1.4166666666666667,4.666666666666667,4.333333333333333,2.3333333333333335
CM22,La Marzocco,Coffee Maker,,,,,,,,,,,,,4.666666666666667,1.5,5,5
CM23,Gaggia,Coffee Maker,,,,,,,,,,,,,3.6666666666666665,2.4166666666666665,4.916666666666667,3.5
CM24,ECM,Coffee Maker,,,,,,,,,,,,,4.5,1.5,5,4.916666666666667
CM25,Profitec,Coffee Maker,,,,,,,,,,,,,4.5,1.5,5,4.916666666666667
CM26,Rocket Espresso,Coffee Maker,,,,,,,,,,,,,4.5,1.5,5,4.916666666666667
CM27,Rancilio,Coffee Maker,,,,,,,,,,,,,4.25,1.75,5,4.5
CM28,Lelit,Coffee Maker,,,,,,,,,,,,,4.5,1.5833333333333333,5,4.416666666666667
CM30,Fellow,Coffee Maker,,,,,,,,,,,,,3.5,2.6666666666666665,1.4166666666666667,3.5833333333333335
CM31,Decent Espresso,Coffee Maker,,,,,,,,,,,,,4.833333333333333,1.75,5,4.833333333333333
CM32,Flair Espresso,Coffee Maker,,,,,,,,,,,,,5,1,5,3.5
CM33,Slayer,Coffee Maker,,,,,,,,,,,,,4.833333333333333,1.1666666666666667,5,5
CM34,Miele,Coffee Maker,,,,,,,,,,,,,1.3333333333333333,4.833333333333333,4.75,3.6666666666666665
CM41,Ratio,Coffee Maker,,,,,,,,,,,,,2.4166666666666665,3.5,1,3.6666666666666665
CM42,La Pavoni,Coffee Maker,,,,,,,,,,,,,5,1,5,4.25
CM43,Synesso,Coffee Maker,,,,,,,,,,,,,4.75,1.25,5,5
CM47,Illy,Coffee Maker,,,,,,,,,,,,,1.3333333333333333,4.75,4.666666666666667,2.0833333333333335
CM48,Lavazza,Coffee Maker,,,,,,,,,,,,,1.0833333333333333,5,4.75,1.9166666666666667
CM49,Zojirushi,Coffee Maker,,,,,,,,,,,,,1.8333333333333333,4.083333333333333,1,2.8333333333333335
CM50,Victoria Arduino,Coffee Maker,,,,,,,,,,,,,4.416666666666667,1.5,5,5
CM51,Kees van der Westen,Coffee Maker,,,,,,,,,,,,,4.75,1.1666666666666667,5,5
CM52,Bezzera,Coffee Maker,,,,,,,,,,,,,4.333333333333333,1.5,5,4.666666666666667
CM56,Dalla Corte,Coffee Maker,,,,,,,,,,,,,4.333333333333333,1.6666666666666667,5,4.833333333333333
CM57,Saeco,Coffee Maker,,,,,,,,,,,,,1.3333333333333333,4.75,4.916666666666667,2.4166666666666665
CM60,Cafelat,Coffee Maker,,,,,,,,,,,,,5,1,5,4
CM63,Leverpresso,Coffee Maker,,,,,,,,,,,,,5,1.0833333333333333,5,2.8333333333333335
CM64,Proctor Silex,Coffee Maker,,,,,,,,,,,,,1.3333333333333333,4.5,1.0833333333333333,1
CM65,Elektra,Coffee Maker,,,,,,,,,,,,,4.666666666666667,1.25,5,4.75
CM67,Bosch,Coffee Maker,,,,,,,,,,,,,1.3333333333333333,4.75,3.25,2.3333333333333335
CM73,Olympia Express,Coffee Maker,,,,,,,,,,,,,4.916666666666667,1.0833333333333333,5,5
CM76,Londinium,Coffee Maker,,,,,,,,,,,,,4.916666666666667,1.0833333333333333,5,4.833333333333333
CM77,Quick Mill,Coffee Maker,,,,,,,,,,,,,4.333333333333333,1.5833333333333333,5,4.583333333333333
CM78,ROK,Coffee Maker,,,,,,,,,,,,,5,1,5,2.9166666666666665
CM82,Café,Coffee Maker,,,,,,,,,,,,,2.1666666666666665,4,2.4166666666666665,2.5833333333333335
CM87,Melitta,Coffee Maker,,,,,,,,,,,,,2.1666666666666665,4,1.8333333333333333,2
CM90,Sanremo,Coffee Maker,,,,,,,,,,,,,4.583333333333333,1.4166666666666667,5,4.916666666666667
CM92,Spinn,Coffee Maker,,,,,,,,,,,,,1.6666666666666667,4.666666666666667,4.25,3.25
CD1,Black+Decker,Cordless Drill,,,,,,,,,,,,1,,,,
CD2,Bosch,Cordless Drill,,,,,,,,,,,,4.666666666666667,,,,
CD4,Dewalt,Cordless Drill,,,,,,,,,,,,5,,,,
CD5,Makita,Cordless Drill,,,,,,,,,,,,5,,,,
CD6,Milwaukee,Cordless Drill,,,,,,,,,,,,5,,,,
CD7,Ryobi,Cordless Drill,,,,,,,,,,,,1.8333333333333333,,,,
CD3,Craftsman,Cordless Drill,,,,,,,,,,,,2.75,,,,
CD8,Festool,Cordless Drill,,,,,,,,,,,,5,,,,
CD9,Hilti,Cordless Drill,,,,,,,,,,,,5,,,,
CD10,Kobalt,Cordless Drill,,,,,,,,,,,,3.25,,,,
CD11,Metabo HPT,Cordless Drill,,,,,,,,,,,,4.416666666666667,,,,
CD12,Ridgid,Cordless Drill,,,,,,,,,,,,3.4166666666666665,,,,
CD13,Skil,Cordless Drill,,,,,,,,,,,,2.75,,,,
CD14,Worx,Cordless Drill,,,,,,,,,,,,1.3333333333333333,,,,
CD15,Hart,Cordless Drill,,,,,,,,,,,,1.1666666666666667,,,,
CD16,Bauer,Cordless Drill,,,,,,,,,,,,1.5833333333333333,,,,
CD17,Hercules,Cordless Drill,,,,,,,,,,,,3.3333333333333335,,,,
CD18,Flex,Cordless Drill,,,,,,,,,,,,4.666666666666667,,,,
CD19,Porter-Cable,Cordless Drill,,,,,,,,,,,,2.1666666666666665,,,,
CD20,Wen,Cordless Drill,,,,,,,,,,,,1,,,,
HJ1,Arc'teryx,Hiking Jacket,,,,,,,,5,3.4166666666666665,5,4.083333333333333,,,,,
HJ2,Black Diamond,Hiking Jacket,,,,,,,,4.75,1.5,4.083333333333333,2.8333333333333335,,,,,
HJ3,Columbia,Hiking Jacket,,,,,,,,1.75,4.416666666666667,1.4166666666666667,2.6666666666666665,,,,,
HJ4,Mammut,Hiking Jacket,,,,,,,,4.916666666666667,2.25,4.75,3.9166666666666665,,,,,
HJ5,Marmot,Hiking Jacket,,,,,,,,3.25,3.3333333333333335,2.75,2.8333333333333335,,,,,
HJ6,Mountain Hardwear,Hiking Jacket,,,,,,,,4.333333333333333,2.4166666666666665,3.8333333333333335,3.1666666666666665,,,,,
HJ7,Outdoor Research,Hiking Jacket,,,,,,,,4,2.5833333333333335,3.5,3.0833333333333335,,,,,
HJ8,Patagonia,Hiking Jacket,,,,,,,,3.5833333333333335,4.333333333333333,4.333333333333333,4.916666666666667,,,,,
HJ9,REI Co-op,Hiking Jacket,,,,,,,,2.1666666666666665,4.333333333333333,2.3333333333333335,3.75,,,,,
HJ10,Rab,Hiking Jacket,,,,,,,,4.833333333333333,1.75,4.416666666666667,3.75,,,,,
HJ11,The North Face,Hiking Jacket,,,,,,,,3.5833333333333335,4.666666666666667,3.3333333333333335,3.5833333333333335,,,,,
HJ12,Eddie Bauer,Hiking Jacket,,,,,,,,2,4.666666666666667,2.1666666666666665,2.4166666666666665,,,,,
HJ13,Jack Wolfskin,Hiking Jacket,,,,,,,,2.1666666666666665,4.083333333333333,2.4166666666666665,3.6666666666666665,,,,,
HJ14,Kathmandu,Hiking Jacket,,,,,,,,1.6666666666666667,4.416666666666667,2,3.75,,,,,
HJ15,KÜHL,Hiking Jacket,,,,,,,,1.4166666666666667,4.916666666666667,3.0833333333333335,2,,,,,
HJ16,L.L.Bean,Hiking Jacket,,,,,,,,1.25,4.916666666666667,2.0833333333333335,2.8333333333333335,,,,,
HJ17,Montane,Hiking Jacket,,,,,,,,4.583333333333333,1.75,4,3.3333333333333335,,,,,
HJ18,Mountain Equipment,Hiking Jacket,,,,,,,,4.916666666666667,1.4166666666666667,4.5,3.75,,,,,
HJ19,icebreaker,Hiking Jacket,,,,,,,,1.8333333333333333,3.9166666666666665,3.5833333333333335,4.166666666666667,,,,,
HJ20,Gill,Hiking Jacket,,,,,,,,1.4166666666666667,1.5,3.1666666666666665,2.3333333333333335,,,,,
HJ21,Helly Hansen,Hiking Jacket,,,,,,,,3.25,4,3.4166666666666665,3.1666666666666665,,,,,
HJ22,Fjällräven,Hiking Jacket,,,,,,,,2.5,4.416666666666667,4.083333333333333,4.083333333333333,,,,,
HJ23,Norrøna,Hiking Jacket,,,,,,,,4.583333333333333,2.3333333333333335,4.916666666666667,4.416666666666667,,,,,
HJ25,VAUDE,Hiking Jacket,,,,,,,,3,3.5833333333333335,3.1666666666666665,4.833333333333333,,,,,
HJ26,Houdini Sportswear,Hiking Jacket,,,,,,,,2.9166666666666665,3.9166666666666665,4.083333333333333,4.666666666666667,,,,,
HJ27,Cotopaxi,Hiking Jacket,,,,,,,,1.6666666666666667,4.666666666666667,2.6666666666666665,4.166666666666667,,,,,
HJ28,Picture Organic Clothing,Hiking Jacket,,,,,,,,2.0833333333333335,4,3,4.416666666666667,,,,,
HJ29,Merrell,Hiking Jacket,,,,,,,,1.4166666666666667,3.75,2.0833333333333335,2.4166666666666665,,,,,
HJ30,Páramo,Hiking Jacket,,,,,,,,3.25,2.1666666666666665,3.8333333333333335,3.8333333333333335,,,,,
HJ32,Montbell,Hiking Jacket,,,,,,,,4.25,2.9166666666666665,3.8333333333333335,3.25,,,,,
HJ33,Salomon,Hiking Jacket,,,,,,,,3.3333333333333335,3.5,3.4166666666666665,3.1666666666666665,,,,,
HJ34,tentree,Hiking Jacket,,,,,,,,1.1666666666666667,4.916666666666667,2.25,4.583333333333333,,,,,
HJ35,Klättermusen,Hiking Jacket,,,,,,,,4.5,2.5833333333333335,4.833333333333333,4.25,,,,,
HJ36,Finisterre,Hiking Jacket,,,,,,,,1.5,4.666666666666667,3.5,4.416666666666667,,,,,
HJ38,Haglöfs,Hiking Jacket,,,,,,,,3.9166666666666665,3.1666666666666665,3.75,4.083333333333333,,,,,
HJ39,Ortovox,Hiking Jacket,,,,,,,,4.666666666666667,1.8333333333333333,4.416666666666667,4,,,,,
HJ40,Salewa,Hiking Jacket,,,,,,,,4.75,2.1666666666666665,3.9166666666666665,3.5,,,,,
HJ42,prAna,Hiking Jacket,,,,,,,,1.3333333333333333,4.916666666666667,2.8333333333333335,3.4166666666666665,,,,,
HJ44,Toad&Co,Hiking Jacket,,,,,,,,1.1666666666666667,5,2.6666666666666665,4,,,,,
HJ46,Bergans of Norway,Hiking Jacket,,,,,,,,3.4166666666666665,3.3333333333333335,3.5833333333333335,3.9166666666666665,,,,,
HJ47,Beyond Clothing,Hiking Jacket,,,,,,,,3.9166666666666665,1.6666666666666667,4.416666666666667,2.1666666666666665,,,,,
HJ50,Sierra Designs,Hiking Jacket,,,,,,,,2.4166666666666665,3.0833333333333335,2.3333333333333335,2.5,,,,,
HJ54,Mountain Warehouse,Hiking Jacket,,,,,,,,1.25,4.416666666666667,1.0833333333333333,1.75,,,,,
,,,,,,,,,,,,,,,,,,
,,,,,,,,,,,,,,,,,,
