Key,Brand,review_notes,Category,Vet_General,Science_Natural,Trad_UltPrem,VesselBig,Service,Conventional_Expedition,Family_AdultOnly,Technical,Urban,Value,Sustainability,DrillDIY_pro,Auto_Manual,Convenience,Drip_Espresso,BuildGrade,source_row_highlight_colors
BC2,American Cruise Lines,,Boat Cruise,,,,1,3.5,2.9166666666666665,4.16666667,,,,,,,,,,
BC4,Carnival,,Boat Cruise,,,,4.666666666666667,1,1,1.41666667,,,,,,,,,,
BC5,Celebrity Cruises,,Boat Cruise,,,,3.75,3,1.6666666666666667,3.5,,,,,,,,,,
BC9,Disney Cruise Line,,Boat Cruise,,,,4,3.0833333333333335,1.1666666666666667,1,,,,,,,,,,
BC10,Holland America Line,,Boat Cruise,,,,3.0833333333333335,2.8333333333333335,2.0833333333333335,3.83333333,,,,,,,,,,
BC6,Lindblad Expeditions,,Boat Cruise,,,,1,4.083333333333333,5,3.41666667,,,,,,,,,,
BC11,MSC Cruises,,Boat Cruise,,,,4.75,1.1666666666666667,1,1.58333333,,,,,,,,,,
BC12,NCL,Norwegian Cruise Line,Boat Cruise,,,,4.333333333333333,1.6666666666666667,1.0833333333333333,2,,,,,,,,,,
BC7,Ponant,,Boat Cruise,,,,1,4.5,4.5,4.16666667,,,,,,,,,,
BC13,Princess (Cruises),Princess Cruises,Boat Cruise,,,,3.9166666666666665,2.4166666666666665,1.75,3,,,,,,,,,,
BC14,Royal Caribbean,,Boat Cruise,,,,5,1.5,1,1.33333333,,,,,,,,,,
BC16,Viking (Cruising),Viking,Boat Cruise,,,,2.0833333333333335,3.8333333333333335,3.0833333333333335,5,,,,,,,,,,
BC1,AmaWaterways,,Boat Cruise,,,,1,3.9166666666666665,2.8333333333333335,4.08333333,,,,,,,,,,
BC3,Avalon Waterways,,Boat Cruise,,,,1,3.5,2.75,4,,,,,,,,,,
BC17,Costa (Cruises),Costa Cruises,Boat Cruise,,,,4.166666666666667,1.4166666666666667,1,1.41666667,,,,,,,,,,
BC8,CroisiEurope,,Boat Cruise,,,,1,2.9166666666666665,2.8333333333333335,3.75,,,,,,,,,,
BC18,Crystal (Cruising),Crystal,Boat Cruise,,,,2.25,5,2,4.16666667,,,,,,,,,,
BC19,Cunard,,Boat Cruise,,,,3.5,3.4166666666666665,1.5,3.83333333,,,,,,,,,,
BC20,Oceania Cruises,,Boat Cruise,,,,2.0833333333333335,4.166666666666667,2.5,4.25,,,,,,,,,,
BC21,Regent Seven Seas Cruises,,Boat Cruise,,,,2.1666666666666665,5,2.1666666666666665,4.16666667,,,,,,,,,,
BC22,Seabourn,,Boat Cruise,,,,1.6666666666666667,5,3.25,4.5,,,,,,,,,,
BC23,Silversea,,Boat Cruise,,,,1.5833333333333333,5,3.75,4.41666667,,,,,,,,,,
BC15,Uniworld Boutique River Cruises,,Boat Cruise,,,,1,4.333333333333333,2.75,4.16666667,,,,,,,,,,
BC24,Virgin Voyages,,Boat Cruise,,,,3.3333333333333335,2.75,1,5,,,,,,,,,,
BC25,Windstar,,Boat Cruise,,,,1.1666666666666667,4.166666666666667,3,4.33333333,,,,,,,,,,
BC26,Azamara,,Boat Cruise,,,,,,,,,,,,,,,,,FF00B050|FFFFFF00
BC27,Quark Expeditions,,Boat Cruise,,,,,,,,,,,,,,,,,FF00B050|FFFFFF00
BC28,HX (Hurtigruten Expeditions),,Boat Cruise,,,,,,,,,,,,,,,,,FF00B050|FFFFFF00
BC29,SeaDream Yacht Club,,Boat Cruise,,,,,,,,,,,,,,,,,FF00B050|FFFFFF00
BC30,Aurora Expeditions,,Boat Cruise,,,,,,,,,,,,,,,,,FF00B050|FFFFFF00
BC31,UnCruise Adventures,,Boat Cruise,,,,,,,,,,,,,,,,,FF00B050|FFFFFF00
BC32,Explora Journeys,,Boat Cruise,,,,,,,,,,,,,,,,,FF00B050|FFFFFF00
BC33,Abercrombie & Kent,drop,Boat Cruise,,,,,,,,,,,,,,,,,FFFF0000|FFFFFF00
BC34,Paul Gauguin Cruises,,Boat Cruise,,,,,,,,,,,,,,,,,FF00B050|FFFFFF00
BC35,Oceanwide Expeditions,,Boat Cruise,,,,,,,,,,,,,,,,,FF00B050|FFFFFF00
BC36,Adventure Canada,,Boat Cruise,,,,,,,,,,,,,,,,,FF00B050|FFFFFF00
BC37,Marella Cruises,drop,Boat Cruise,,,,,,,,,,,,,,,,,FFFF0000|FFFFFF00
BC38,Scenic Eclipse,Scenic,Boat Cruise,,,,,,,,,,,,,,,,,FF00B050|FFFF0000
BC39,Scenic Luxury Cruises & Tours,Scenic,Boat Cruise,,,,,,,,,,,,,,,,,FF00B050|FFFFFF00
BC40,Swan Hellenic,,Boat Cruise,,,,,,,,,,,,,,,,,FF00B050|FFFFFF00
CF1,Blue Buffalo,,Cat Food,4.666666666666667,4.666666666666667,3.3333333333333335,,,,,,,,,,,,,,
CF2,Fancy Feast,,Cat Food,5,1.8333333333333333,2.0833333333333335,,,,,,,,,,,,,,
CF3,Friskies,,Cat Food,5,1.5,1.1666666666666667,,,,,,,,,,,,,,
CF4,Hill's,,Cat Food,1.9166666666666667,1,2.5,,,,,,,,,,,,,,
CF5,IAMS,,Cat Food,4.666666666666667,1.3333333333333333,1.5833333333333333,,,,,,,,,,,,,,
CF18,Meow Mix,,Cat Food,5,1.6666666666666667,1,,,,,,,,,,,,,,
CF6,Merrick,,Cat Food,4.666666666666667,4.416666666666667,3.5833333333333335,,,,,,,,,,,,,,
CF8,"Purina (ambiguous, parent brand)",,Cat Food,3.6666666666666665,1.5,1.8333333333333333,,,,,,,,,,,,,,
CF9,Royal Canin,,Cat Food,2,1.1666666666666667,3,,,,,,,,,,,,,,
CF10,Taste of the Wild,,Cat Food,4.833333333333333,4.916666666666667,3.0833333333333335,,,,,,,,,,,,,,
CF11,Wellness,ambiguous parent brand,Cat Food,4.583333333333333,4.416666666666667,3.6666666666666665,,,,,,,,,,,,,,
CF26,Wellness Complete Health,,Cat Food,4.583333333333333,4.333333333333333,3.4166666666666665,,,,,,,,,,,,,,
CF24,Whiskas,,Cat Food,5,1.5,1.1666666666666667,,,,,,,,,,,,,,
CF14,9 Lives,,Cat Food,5,1.5,1,,,,,,,,,,,,,,
CF15,Acana,,Cat Food,4.666666666666667,5,3.8333333333333335,,,,,,,,,,,,,,
CF16,(Purina) Cat Chow,,Cat Food,4.833333333333333,1.3333333333333333,1,,,,,,,,,,,,,,
CF17,Freshpet,,Cat Food,4.75,4.833333333333333,4.5,,,,,,,,,,,,,,
CF19,Nutrish,,Cat Food,4.833333333333333,4,2.1666666666666665,,,,,,,,,,,,,,
CF20,Nutro,,Cat Food,4.583333333333333,4.166666666666667,2.9166666666666665,,,,,,,,,,,,,,
CF7,Orijen,,Cat Food,4.666666666666667,5,4.5,,,,,,,,,,,,,,
CF27,Purina One,,Cat Food,4.75,1.6666666666666667,2.0833333333333335,,,,,,,,,,,,,,
CF28,Purina Pro Plan,,Cat Food,3.6666666666666665,1.3333333333333333,2.6666666666666665,,,,,,,,,,,,,,
CF23,Sheba,,Cat Food,5,2.3333333333333335,2.5833333333333335,,,,,,,,,,,,,,
CF29,Wellness CORE,,Cat Food,4.583333333333333,4.75,4,,,,,,,,,,,,,,
CF25,Ziwi Peak,,Cat Food,4.666666666666667,5,5,,,,,,,,,,,,,,
CF30,Tiki cat,,Cat Food,4.833333333333333,4.583333333333333,4.5,,,,,,,,,,,,,,
CF31,Smalls,,Cat Food,4.583333333333333,4.833333333333333,5,,,,,,,,,,,,,,
CF32,Rayne Clinical Nutrition,Rayne Nutrition,Cat Food,,,,,,,,,,,,,,,,,FF00B050|FFFFFF00
CF33,Farmina,,Cat Food,,,,,,,,,,,,,,,,,FF00B050|FFFFFF00
CF34,Weruva,,Cat Food,,,,,,,,,,,,,,,,,FF00B050|FFFFFF00
CF35,Stella & Chewy's,,Cat Food,,,,,,,,,,,,,,,,,FF00B050|FFFFFF00
CF36,Open Farm,,Cat Food,,,,,,,,,,,,,,,,,FF00B050|FFFFFF00
CF37,Feline Natural,,Cat Food,,,,,,,,,,,,,,,,,FF00B050|FFFFFF00
CF38,Instinct,,Cat Food,,,,,,,,,,,,,,,,,FF00B050|FFFFFF00
CF39,Eukanuba,drop,Cat Food,,,,,,,,,,,,,,,,,FFFF0000
CF40,Primal Pet Foods,,Cat Food,,,,,,,,,,,,,,,,,FF00B050|FFFFFF00
CF41,Nom Nom,drop,Cat Food,,,,,,,,,,,,,,,,,FFFF0000
CF42,The Honest Kitchen,,Cat Food,,,,,,,,,,,,,,,,,FF00B050|FFFFFF00
CF43,RAWZ,,Cat Food,,,,,,,,,,,,,,,,,FF00B050|FFFFFF00
CF44,Raised Right,,Cat Food,,,,,,,,,,,,,,,,,FF00B050|FFFFFF00
CF45,The Farmer's Dog,drop,Cat Food,,,,,,,,,,,,,,,,,FFFF0000
CF46,Viva Raw,,Cat Food,,,,,,,,,,,,,,,,,FF00B050|FFFFFF00
CF47,Vital Essentials,,Cat Food,,,,,,,,,,,,,,,,,FF00B050|FFFFFF00
CF48,Virbac Veterinary HPM,keep,Cat Food,,,,,,,,,,,,,,,,,FF00B050|FFFF0000
CF49,Koha,,Cat Food,,,,,,,,,,,,,,,,,FF00B050|FFFFFF00
CF50,Nulo,,Cat Food,,,,,,,,,,,,,,,,,FF00B050|FFFFFF00
CF51,Hound & Gatos,,Cat Food,,,,,,,,,,,,,,,,,FF00B050|FFFFFF00
CF52,Caru,,Cat Food,,,,,,,,,,,,,,,,,FF00B050|FFFFFF00
CF53,Dr. Elsey's cleanprotein,Dr. Elsey's,Cat Food,,,,,,,,,,,,,,,,,FF00B050|FFFF0000
CF54,JustFoodForCats,,Cat Food,,,,,,,,,,,,,,,,,FF00B050|FFFFFF00
CF55,Smallbatch Pets,,Cat Food,,,,,,,,,,,,,,,,,FF00B050|FFFFFF00
CF56,Annamaet,,Cat Food,,,,,,,,,,,,,,,,,FF00B050|FFFFFF00
CF57,Forza10 Active Line,Forza10,Cat Food,,,,,,,,,,,,,,,,,FF00B050|FFFF0000
CF58,Fromm,,Cat Food,,,,,,,,,,,,,,,,,FF00B050|FFFFFF00
CF59,Canidae,,Cat Food,,,,,,,,,,,,,,,,,FF00B050|FFFFFF00
CF60,Darwin's Natural Pet Products,,Cat Food,,,,,,,,,,,,,,,,,FF00B050|FFFFFF00
CF61,Forza10 Nutraceutic,Forza10,Cat Food,,,,,,,,,,,,,,,,,FF00B050|FFFF0000
CF62,Fussie Cat,,Cat Food,,,,,,,,,,,,,,,,,FF00B050|FFFFFF00
CF63,Hare Today,drop,Cat Food,,,,,,,,,,,,,,,,,FFFF0000
CF64,Kirkland Signature,,Cat Food,,,,,,,,,,,,,,,,,FF00B050|FFFFFF00
CF65,Kit & Kaboodle,,Cat Food,,,,,,,,,,,,,,,,,FF00B050|FFFFFF00
CF66,Sassafras,hallucinated,Cat Food,,,,,,,,,,,,,,,,,FFFF0000
CF67,Schesir,,Cat Food,,,,,,,,,,,,,,,,,FF00B050|FFFFFF00
CF68,Solid Gold,,Cat Food,,,,,,,,,,,,,,,,,FF00B050|FFFFFF00
CF69,Sundays for Cats,hallucinated,Cat Food,,,,,,,,,,,,,,,,,FFFF0000
CM1,Bonavita,,Coffee Maker,,,,,,,,,,,,,2.1666666666666665,3.1666666666666665,1,3.1666666666666665,
CM2,Breville,,Coffee Maker,,,,,,,,,,,,,4,2.1666666666666665,4.25,3.8333333333333335,
CM4,Cuisinart,,Coffee Maker,,,,,,,,,,,,,1.8333333333333333,3.6666666666666665,1.3333333333333333,2,
CM5,DeLonghi,,Coffee Maker,,,,,,,,,,,,,3.1666666666666665,3.1666666666666665,4.5,3.1666666666666665,
CM6,Hamilton Beach,,Coffee Maker,,,,,,,,,,,,,1.3333333333333333,4.083333333333333,1.0833333333333333,1.1666666666666667,
CM7,Keurig,,Coffee Maker,,,,,,,,,,,,,1,5,1.3333333333333333,1.6666666666666667,
CM8,Mr. Coffee,,Coffee Maker,,,,,,,,,,,,,1.3333333333333333,4.083333333333333,1.1666666666666667,1,
CM9,Nespresso,,Coffee Maker,,,,,,,,,,,,,1,5,5,2.6666666666666665,
CM10,Ninja,,Coffee Maker,,,,,,,,,,,,,2,4,2,2.25,
CM11,OXO,,Coffee Maker,,,,,,,,,,,,,2.0833333333333335,3.4166666666666665,1,3.0833333333333335,
CM12,Technivorm,Moccamaster (technivorm is manufacturer),Coffee Maker,,,,,,,,,,,,,2.1666666666666665,2.5833333333333335,1,4.333333333333333,
CM13,Bella,,Coffee Maker,,,,,,,,,,,,,1.3333333333333333,4,1.25,1.1666666666666667,
CM14,Black+Decker,,Coffee Maker,,,,,,,,,,,,,1.1666666666666667,4.083333333333333,1,1,
CM15,Braun,,Coffee Maker,,,,,,,,,,,,,1.75,3.6666666666666665,1.1666666666666667,2.1666666666666665,
CM16,Brentwood,,Coffee Maker,,,,,,,,,,,,,1.3333333333333333,4,1.1666666666666667,1,
CM3,Bunn,,Coffee Maker,,,,,,,,,,,,,1.6666666666666667,4.25,1.0833333333333333,2.9166666666666665,
CM17,Capresso,,Coffee Maker,,,,,,,,,,,,,2.25,3.5,2.3333333333333335,2.4166666666666665,
CM18,Jura,,Coffee Maker,,,,,,,,,,,,,1,4.666666666666667,5,4.5,
CM19,KitchenAid,,Coffee Maker,,,,,,,,,,,,,2.0833333333333335,3.4166666666666665,1.6666666666666667,2.5,
CM20,Nescafe,"drop. Only coffee in US, not machines",Coffee Maker,,,,,,,,,,,,,1,4.916666666666667,3.25,1.5833333333333333,FFFFC000
CM21,Philips,,Coffee Maker,,,,,,,,,,,,,1.4166666666666667,4.333333333333333,4.416666666666667,2.8333333333333335,
CM22,La Marzocco,,Coffee Maker,,,,,,,,,,,,,5,1.1666666666666667,5,5,
CM23,Gaggia,,Coffee Maker,,,,,,,,,,,,,4.166666666666667,2,4.916666666666667,3.75,
CM24,ECM,,Coffee Maker,,,,,,,,,,,,,,,,,FF00B050|FFFFFF00
CM25,Profitec,,Coffee Maker,,,,,,,,,,,,,,,,,FF00B050|FFFFFF00
CM26,Rocket Espresso,,Coffee Maker,,,,,,,,,,,,,,,,,FF00B050|FFFFFF00
CM27,Rancilio,,Coffee Maker,,,,,,,,,,,,,,,,,FF00B050|FFFFFF00
CM28,Lelit,,Coffee Maker,,,,,,,,,,,,,,,,,FF00B050|FFFFFF00
CM29,Hario,,Coffee Maker,,,,,,,,,,,,,,,,,FFFFC000|FFFFFF00
CM30,Fellow,,Coffee Maker,,,,,,,,,,,,,,,,,FF00B050|FFFFFF00
CM31,Decent Espresso,,Coffee Maker,,,,,,,,,,,,,,,,,FF00B050|FFFFFF00
CM32,Flair Espresso,,Coffee Maker,,,,,,,,,,,,,,,,,FF00B050|FFFFFF00
CM33,Slayer,,Coffee Maker,,,,,,,,,,,,,,,,,FF00B050|FFFFFF00
CM34,Miele,,Coffee Maker,,,,,,,,,,,,,,,,,FF00B050|FFFFFF00
CM35,AeroPress,,Coffee Maker,,,,,,,,,,,,,,,,,FFFFC000|FFFFFF00
CM36,Chemex,,Coffee Maker,,,,,,,,,,,,,,,,,FFFFC000|FFFFFF00
CM37,Intelligentsia Coffee,,Coffee Maker,,,,,,,,,,,,,,,,,FFFF0000|FFFFC000
CM38,Stumptown Coffee Roasters,,Coffee Maker,,,,,,,,,,,,,,,,,FFFF0000|FFFFC000
CM39,Comandante,,Coffee Maker,,,,,,,,,,,,,,,,,FFFF0000|FFFFC000
CM40,Baratza,,Coffee Maker,,,,,,,,,,,,,,,,,FFFF0000|FFFFC000
CM41,Ratio,,Coffee Maker,,,,,,,,,,,,,,,,,FF00B050|FFFFFF00
CM42,La Pavoni,,Coffee Maker,,,,,,,,,,,,,,,,,FF00B050|FFFFFF00
CM43,Synesso,,Coffee Maker,,,,,,,,,,,,,,,,,FF00B050|FFFFFF00
CM44,Counter Culture Coffee,,Coffee Maker,,,,,,,,,,,,,,,,,FFFF0000|FFFFC000
CM45,Onyx Coffee Lab,,Coffee Maker,,,,,,,,,,,,,,,,,FFFF0000|FFFFC000
CM46,Kalita,,Coffee Maker,,,,,,,,,,,,,,,,,FFFFC000|FFFFFF00
CM47,Illy,,Coffee Maker,,,,,,,,,,,,,,,,,FF00B050|FFFFFF00
CM48,Lavazza,,Coffee Maker,,,,,,,,,,,,,,,,,FF00B050|FFFFFF00
CM49,Zojirushi,,Coffee Maker,,,,,,,,,,,,,,,,,FF00B050|FFFFFF00
CM50,Victoria Arduino,,Coffee Maker,,,,,,,,,,,,,,,,,FF00B050|FFFFFF00
CM51,Kees van der Westen,,Coffee Maker,,,,,,,,,,,,,,,,,FF00B050|FFFFFF00
CM52,Bezzera,,Coffee Maker,,,,,,,,,,,,,,,,,FF00B050|FFFFFF00
CM53,Peet's Coffee,,Coffee Maker,,,,,,,,,,,,,,,,,FFFF0000|FFFFC000
CM54,Blue Bottle Coffee,,Coffee Maker,,,,,,,,,,,,,,,,,FFFF0000|FFFFC000
CM55,Sweet Maria's,,Coffee Maker,,,,,,,,,,,,,,,,,FFFF0000|FFFFC000
CM56,Dalla Corte,,Coffee Maker,,,,,,,,,,,,,,,,,FF00B050|FFFFFF00
CM57,Saeco,,Coffee Maker,,,,,,,,,,,,,,,,,FF00B050|FFFFFF00
CM58,Acaia,,Coffee Maker,,,,,,,,,,,,,,,,,FFFF0000|FFFFC000
CM59,George Howell Coffee,,Coffee Maker,,,,,,,,,,,,,,,,,FFFF0000|FFFFC000
CM60,Cafelat,,Coffee Maker,,,,,,,,,,,,,,,,,FF00B050|FFFFFF00
CM61,Timemore,,Coffee Maker,,,,,,,,,,,,,,,,,FFFFC000|FFFFFF00
CM62,Siemens,,Coffee Maker,,,,,,,,,,,,,,,,,FFFFC000|FFFFFF00
CM63,Leverpresso,,Coffee Maker,,,,,,,,,,,,,,,,,FF00B050|FFFFFF00
CM64,Proctor Silex,,Coffee Maker,,,,,,,,,,,,,,,,,FF00B050|FFFFFF00
CM65,Elektra,,Coffee Maker,,,,,,,,,,,,,,,,,FF00B050|FFFFFF00
CM66,1Zpresso,,Coffee Maker,,,,,,,,,,,,,,,,,FFFF0000|FFFFC000
CM67,Bosch,,Coffee Maker,,,,,,,,,,,,,,,,,FF00B050|FFFFFF00
CM68,Mahlkönig,,Coffee Maker,,,,,,,,,,,,,,,,,FFFF0000|FFFFC000
CM69,Square Mile Coffee Roasters,,Coffee Maker,,,,,,,,,,,,,,,,,FFFF0000|FFFFC000
CM70,Bellezza,,Coffee Maker,,,,,,,,,,,,,,,,,FFFFC000|FFFFFF00
CM71,Modbar,,Coffee Maker,,,,,,,,,,,,,,,,,FFFFC000|FFFFFF00
CM72,Nomad,,Coffee Maker,,,,,,,,,,,,,,,,,FFFF0000
CM73,Olympia Express,,Coffee Maker,,,,,,,,,,,,,,,,,FF00B050|FFFFFF00
CM74,Weber Workshops,,Coffee Maker,,,,,,,,,,,,,,,,,FFFF0000|FFFFC000
CM75,Heart Coffee Roasters,,Coffee Maker,,,,,,,,,,,,,,,,,FFFF0000|FFFFC000
CM76,Londinium,,Coffee Maker,,,,,,,,,,,,,,,,,FF00B050|FFFFFF00
CM77,Quick Mill,,Coffee Maker,,,,,,,,,,,,,,,,,FF00B050|FFFFFF00
CM78,ROK,,Coffee Maker,,,,,,,,,,,,,,,,,FF00B050|FFFFFF00
CM79,Able,,Coffee Maker,,,,,,,,,,,,,,,,,FFFF0000|FFFFC000
CM80,Bialetti,,Coffee Maker,,,,,,,,,,,,,,,,,FFFFC000|FFFFFF00
CM81,Brewista,,Coffee Maker,,,,,,,,,,,,,,,,,FFFFC000|FFFFFF00
CM82,Café,,Coffee Maker,,,,,,,,,,,,,,,,,FF00B050|FFFF0000
CM83,Cremina,,Coffee Maker,,,,,,,,,,,,,,,,,FFFF0000
CM84,Espro,,Coffee Maker,,,,,,,,,,,,,,,,,FFFFC000|FFFFFF00
CM85,James Coffee Co.,,Coffee Maker,,,,,,,,,,,,,,,,,FFFF0000|FFFFC000
CM86,Kim Express,,Coffee Maker,,,,,,,,,,,,,,,,,FFC00000|FFFF0000
CM87,Melitta,,Coffee Maker,,,,,,,,,,,,,,,,,FF00B050|FFFFFF00
CM88,Passenger Coffee,,Coffee Maker,,,,,,,,,,,,,,,,,FFFF0000|FFFFC000
CM89,Philips Saeco,,Coffee Maker,,,,,,,,,,,,,,,,,FFFF0000
CM90,Sanremo,,Coffee Maker,,,,,,,,,,,,,,,,,FF00B050|FFFFFF00
CM91,Sey Coffee,,Coffee Maker,,,,,,,,,,,,,,,,,FFFF0000|FFFFC000
CM92,Spinn,,Coffee Maker,,,,,,,,,,,,,,,,,FF00B050|FFFFFF00
CM93,Strega,,Coffee Maker,,,,,,,,,,,,,,,,,FFFF0000
CM94,Tassimo,,Coffee Maker,,,,,,,,,,,,,,,,,FFFF0000|FFFFFF00
CM95,Verve Coffee Roasters,,Coffee Maker,,,,,,,,,,,,,,,,,FFFF0000|FFFFC000
CD1,Black+Decker,,Cordless Drill,,,,,,,,,,,,1,,,,,
CD2,Bosch,,Cordless Drill,,,,,,,,,,,,4.666666667,,,,,
CD4,Dewalt,DeWalt,Cordless Drill,,,,,,,,,,,,5,,,,,
CD5,Makita,,Cordless Drill,,,,,,,,,,,,5,,,,,
CD6,Milwaukee,,Cordless Drill,,,,,,,,,,,,5,,,,,
CD7,Ryobi,,Cordless Drill,,,,,,,,,,,,1.833333333,,,,,
CD3,Craftsman,,Cordless Drill,,,,,,,,,,,,2.75,,,,,
CD8,Festool,,Cordless Drill,,,,,,,,,,,,5,,,,,
CD9,Hilti,,Cordless Drill,,,,,,,,,,,,5,,,,,
CD10,Kobalt,,Cordless Drill,,,,,,,,,,,,3.25,,,,,
CD11,Metabo HPT,,Cordless Drill,,,,,,,,,,,,4.416666667,,,,,
CD12,Ridgid,RIDGID,Cordless Drill,,,,,,,,,,,,3.416666667,,,,,
CD13,Skil,SKIL,Cordless Drill,,,,,,,,,,,,2.75,,,,,
CD14,Worx,WORX,Cordless Drill,,,,,,,,,,,,1.333333333,,,,,
CD15,Hart,HART,Cordless Drill,,,,,,,,,,,,1.166666667,,,,,
CD16,Bauer,,Cordless Drill,,,,,,,,,,,,1.583333333,,,,,
CD17,Hercules,,Cordless Drill,,,,,,,,,,,,3.333333333,,,,,
CD18,Flex,FLEX,Cordless Drill,,,,,,,,,,,,4.666666667,,,,,
CD19,Porter-Cable,,Cordless Drill,,,,,,,,,,,,2.166666667,,,,,
CD20,Wen,add,Cordless Drill,,,,,,,,,,,,,,,,,FF00B050|FFFFFF00
HJ1,Arc'teryx,,Hiking Jacket,,,,,,,,5,2.6666666666666665,5,3.5,,,,,,
HJ2,Black Diamond,,Hiking Jacket,,,,,,,,4.416666666666667,1.4166666666666667,3.75,2.4166666666666665,,,,,,
HJ3,Columbia,,Hiking Jacket,,,,,,,,1.6666666666666667,3.8333333333333335,1.5,2.75,,,,,,
HJ4,Mammut,,Hiking Jacket,,,,,,,,4.833333333333333,1.6666666666666667,4.416666666666667,4,,,,,,
HJ5,Marmot,,Hiking Jacket,,,,,,,,3.5,2.3333333333333335,2.75,2.5,,,,,,
HJ6,Mountain Hardwear,,Hiking Jacket,,,,,,,,4.166666666666667,1.75,3.5,2.8333333333333335,,,,,,
HJ7,Outdoor Research,,Hiking Jacket,,,,,,,,3.8333333333333335,2.0833333333333335,3.25,3.4166666666666665,,,,,,
HJ8,Patagonia,,Hiking Jacket,,,,,,,,3.5,3.3333333333333335,4.166666666666667,5,,,,,,
HJ9,REI Co-op,,Hiking Jacket,,,,,,,,2.1666666666666665,3.25,2.0833333333333335,3.9166666666666665,,,,,,
HJ10,Rab,,Hiking Jacket,,,,,,,,4.916666666666667,1.25,4.333333333333333,3.9166666666666665,,,,,,
HJ11,The North Face,,Hiking Jacket,,,,,,,,3.1666666666666665,4,3.0833333333333335,3.4166666666666665,,,,,,
HJ12,Eddie Bauer,,Hiking Jacket,,,,,,,,1.8333333333333333,4.083333333333333,1.9166666666666667,2.1666666666666665,,,,,,
HJ13,Jack Wolfskin,Drop. No longer distributes in US,Hiking Jacket,,,,,,,,2.3333333333333335,3.25,2.75,3.5833333333333335,,,,,,FFFFC000
HJ14,Kathmandu,,Hiking Jacket,,,,,,,,2,3.5,2.25,4.166666666666667,,,,,,
HJ15,KÜHL,,Hiking Jacket,,,,,,,,1.4166666666666667,4.25,3,2.1666666666666665,,,,,,
HJ16,L.L.Bean,,Hiking Jacket,,,,,,,,1.1666666666666667,4.416666666666667,2.25,2.6666666666666665,,,,,,
HJ17,Montane,,Hiking Jacket,,,,,,,,4.416666666666667,1.4166666666666667,3.75,3.4166666666666665,,,,,,
HJ18,Mountain Equipment,,Hiking Jacket,,,,,,,,4.916666666666667,1.0833333333333333,4.25,3.75,,,,,,
HJ19,icebreaker,,Hiking Jacket,,,,,,,,2.25,3.4166666666666665,3.6666666666666665,4.333333333333333,,,,,,
HJ20,Gill,Drop. Not general hiking jacket. Marine niche,Hiking Jacket,,,,,,,,3,1.9166666666666667,3.0833333333333335,2.5,,,,,,FFFFC000
HJ21,Helly Hansen,,Hiking Jacket,,,,,,,,3.3333333333333335,2.6666666666666665,3.25,3.25,,,,,,
HJ22,Fjällräven,,Hiking Jacket,,,,,,,,,,,,,,,,,FF00B050|FFFFFF00
HJ23,Norrøna,,Hiking Jacket,,,,,,,,,,,,,,,,,FF00B050|FFFFFF00
HJ24,Decathlon,"Drop. It makes Quechua, Forclaz, Simond and Wedze",Hiking Jacket,,,,,,,,,,,,,,,,,FFFF0000|FFFFFF00
HJ25,VAUDE,,Hiking Jacket,,,,,,,,,,,,,,,,,FF00B050|FFFFFF00
HJ26,Houdini Sportswear,,Hiking Jacket,,,,,,,,,,,,,,,,,FF00B050|FFFFFF00
HJ27,Cotopaxi,,Hiking Jacket,,,,,,,,,,,,,,,,,FF00B050|FFFFFF00
HJ28,Picture Organic Clothing,,Hiking Jacket,,,,,,,,,,,,,,,,,FF00B050|FFFFFF00
HJ29,Merrell,,Hiking Jacket,,,,,,,,,,,,,,,,,FF00B050|FFFFFF00
HJ30,Páramo,,Hiking Jacket,,,,,,,,,,,,,,,,,FF00B050|FFFFFF00
HJ31,KEEN,Drop. They do footwear,Hiking Jacket,,,,,,,,,,,,,,,,,FFFF0000
HJ32,Montbell,,Hiking Jacket,,,,,,,,,,,,,,,,,FF00B050|FFFFFF00
HJ33,Salomon,,Hiking Jacket,,,,,,,,,,,,,,,,,FF00B050|FFFFFF00
HJ34,tentree,,Hiking Jacket,,,,,,,,,,,,,,,,,FF00B050|FFFFFF00
HJ35,Klättermusen,,Hiking Jacket,,,,,,,,,,,,,,,,,FF00B050|FFFFFF00
HJ36,Finisterre,,Hiking Jacket,,,,,,,,,,,,,,,,,FF00B050|FFFFFF00
HJ37,Oboz,drop. Footwear,Hiking Jacket,,,,,,,,,,,,,,,,,FFFF0000
HJ38,Haglöfs,,Hiking Jacket,,,,,,,,,,,,,,,,,FF00B050|FFFFFF00
HJ39,Ortovox,,Hiking Jacket,,,,,,,,,,,,,,,,,FF00B050|FFFFFF00
HJ40,Salewa,,Hiking Jacket,,,,,,,,,,,,,,,,,FF00B050|FFFFFF00
HJ41,Osprey,Drop. backpacks,Hiking Jacket,,,,,,,,,,,,,,,,,FFFF0000
HJ42,prAna,,Hiking Jacket,,,,,,,,,,,,,,,,,FF00B050|FFFFFF00
HJ43,Deuter,Drop. backpacks,Hiking Jacket,,,,,,,,,,,,,,,,,FFFF0000
HJ44,Toad&Co,,Hiking Jacket,,,,,,,,,,,,,,,,,FF92D050|FFFFFF00
HJ45,Vasque,drop. Footwear,Hiking Jacket,,,,,,,,,,,,,,,,,FFFF0000
HJ46,Bergans of Norway,,Hiking Jacket,,,,,,,,,,,,,,,,,FF00B050|FFFFFF00
HJ47,Beyond Clothing,,Hiking Jacket,,,,,,,,,,,,,,,,,FF00B050|FFFFFF00
HJ48,Gregory,Drop. backpacks,Hiking Jacket,,,,,,,,,,,,,,,,,FFFF0000
HJ49,Nikwax Analogy,not a jacket brand,Hiking Jacket,,,,,,,,,,,,,,,,,FFFF0000
HJ50,Sierra Designs,,Hiking Jacket,,,,,,,,,,,,,,,,,FF92D050|FFFFFF00
HJ51,Thule,drop,Hiking Jacket,,,,,,,,,,,,,,,,,FFFF0000
HJ52,Altra,"drop, apparel paused",Hiking Jacket,,,,,,,,,,,,,,,,,FFFF0000
HJ53,Fair Rags,hallucinated,Hiking Jacket,,,,,,,,,,,,,,,,,FFFF0000
HJ54,Mountain Warehouse,,Hiking Jacket,,,,,,,,,,,,,,,,,FF92D050|FFFFFF00
HJ55,Nikwax,"drop, waterproofing",Hiking Jacket,,,,,,,,,,,,,,,,,FFFF0000
HJ56,Nudie Jeans,"drop, no jackets",Hiking Jacket,,,,,,,,,,,,,,,,,FFFF0000
