Key,Brand,Category,CruiseL_H,DrillDIY_pro,jacketL_H,Sustainability,catfoodL_H,VetFocus,BaristaInvolve,Drip_Espresso
BC2,American Cruise Lines,Boat Cruise,3.8333333333333335,NA,NA,NA,NA,NA,NA,NA
BC4,Carnival,Boat Cruise,1.2708333333333333,NA,NA,NA,NA,NA,NA,NA
BC5,Celebrity Cruises,Boat Cruise,2.52083333325,NA,NA,NA,NA,NA,NA,NA
BC9,Disney Cruise Line,Boat Cruise,1.7500000000833331,NA,NA,NA,NA,NA,NA,NA
BC10,Holland America Line,Boat Cruise,2.979166666583333,NA,NA,NA,NA,NA,NA,NA
BC6,Lindblad Expeditions,Boat Cruise,4.520833333333334,NA,NA,NA,NA,NA,NA,NA
BC11,MSC Cruises,Boat Cruise,1.2291666665833332,NA,NA,NA,NA,NA,NA,NA
BC12,NCL,Boat Cruise,1.5416666667499999,NA,NA,NA,NA,NA,NA,NA
BC7,Ponant,Boat Cruise,4.541666666666667,NA,NA,NA,NA,NA,NA,NA
BC13,Princess (Cruises),Boat Cruise,2.2499999999166667,NA,NA,NA,NA,NA,NA,NA
BC14,Royal Caribbean,Boat Cruise,1.1666666665833332,NA,NA,NA,NA,NA,NA,NA
BC16,Viking (Cruising),Boat Cruise,3.999999999916666,NA,NA,NA,NA,NA,NA,NA
BC1,AmaWaterways,Boat Cruise,3.833333333333333,NA,NA,NA,NA,NA,NA,NA
BC3,Avalon Waterways,Boat Cruise,3.8541666666666665,NA,NA,NA,NA,NA,NA,NA
BC17,Costa (Cruises),Boat Cruise,1.3749999999166664,NA,NA,NA,NA,NA,NA,NA
BC8,CroisiEurope,Boat Cruise,3.645833333333333,NA,NA,NA,NA,NA,NA,NA
BC18,Crystal (Cruising),Boat Cruise,4.104166666666667,NA,NA,NA,NA,NA,NA,NA
BC19,Cunard,Boat Cruise,3.083333333333333,NA,NA,NA,NA,NA,NA,NA
BC20,Oceania Cruises,Boat Cruise,3.8541666667500003,NA,NA,NA,NA,NA,NA,NA
BC21,Regent Seven Seas Cruises,Boat Cruise,4.1875,NA,NA,NA,NA,NA,NA,NA
BC22,Seabourn,Boat Cruise,4.416666666666666,NA,NA,NA,NA,NA,NA,NA
BC23,Silversea,Boat Cruise,4.458333333333333,NA,NA,NA,NA,NA,NA,NA
BC15,Uniworld Boutique River Cruises,Boat Cruise,4.104166666666666,NA,NA,NA,NA,NA,NA,NA
BC24,Virgin Voyages,Boat Cruise,2.9583333334166664,NA,NA,NA,NA,NA,NA,NA
BC25,Windstar,Boat Cruise,4.125,NA,NA,NA,NA,NA,NA,NA
BC26,Azamara,Boat Cruise,3.8541666667500003,NA,NA,NA,NA,NA,NA,NA
BC27,Quark Expeditions,Boat Cruise,4.458333333333333,NA,NA,NA,NA,NA,NA,NA
BC28,HX (Hurtigruten Expeditions),Boat Cruise,4.25,NA,NA,NA,NA,NA,NA,NA
BC29,SeaDream Yacht Club,Boat Cruise,4.291666666666667,NA,NA,NA,NA,NA,NA,NA
BC30,Aurora Expeditions,Boat Cruise,4.479166666666667,NA,NA,NA,NA,NA,NA,NA
BC31,UnCruise Adventures,Boat Cruise,4.229166666666666,NA,NA,NA,NA,NA,NA,NA
BC32,Explora Journeys,Boat Cruise,3.8124999999166667,NA,NA,NA,NA,NA,NA,NA
BC34,Paul Gauguin Cruises,Boat Cruise,4.166666666666666,NA,NA,NA,NA,NA,NA,NA
BC35,Oceanwide Expeditions,Boat Cruise,4.354166666666667,NA,NA,NA,NA,NA,NA,NA
BC36,Adventure Canada,Boat Cruise,4.333333333333333,NA,NA,NA,NA,NA,NA,NA
BC39,Scenic,Boat Cruise,4.333333333333333,NA,NA,NA,NA,NA,NA,NA
BC40,Swan Hellenic,Boat Cruise,4.5,NA,NA,NA,NA,NA,NA,NA
CF1,Blue Buffalo,Cat Food,NA,NA,NA,NA,3.0833333333333335,1.666666666666667,NA,NA
CF2,Fancy Feast,Cat Food,NA,NA,NA,NA,2,1,NA,NA
CF3,Friskies,Cat Food,NA,NA,NA,NA,1.375,1,NA,NA
CF4,Hill's,Cat Food,NA,NA,NA,NA,1.2916666666666667,4.416666666666667,NA,NA
CF5,IAMS,Cat Food,NA,NA,NA,NA,1.2083333333333335,2.5833333333333335,NA,NA
CF18,Meow Mix,Cat Food,NA,NA,NA,NA,1.3333333333333335,1,NA,NA
CF6,Merrick,Cat Food,NA,NA,NA,NA,3.5,1.5,NA,NA
CF8,"Purina (ambiguous, parent brand)",Cat Food,NA,NA,NA,NA,1.4583333333333333,3.25,NA,NA
CF9,Royal Canin,Cat Food,NA,NA,NA,NA,1.375,4.416666666666667,NA,NA
CF10,Taste of the Wild,Cat Food,NA,NA,NA,NA,3.375,1.166666666666667,NA,NA
CF11,Wellness,Cat Food,NA,NA,NA,NA,3.375,1.666666666666667,NA,NA
CF26,Wellness Complete Health,Cat Food,NA,NA,NA,NA,3.1666666666666665,1.666666666666667,NA,NA
CF24,Whiskas,Cat Food,NA,NA,NA,NA,1.3333333333333335,1,NA,NA
CF14,9 Lives,Cat Food,NA,NA,NA,NA,1.25,1,NA,NA
CF15,Acana,Cat Food,NA,NA,NA,NA,3.708333333333333,1.5,NA,NA
CF16,(Purina) Cat Chow,Cat Food,NA,NA,NA,NA,1.1666666666666665,1.25,NA,NA
CF17,Freshpet,Cat Food,NA,NA,NA,NA,4.75,1.333333333333333,NA,NA
CF19,Nutrish,Cat Food,NA,NA,NA,NA,2.875,1.166666666666667,NA,NA
CF20,Nutro,Cat Food,NA,NA,NA,NA,2.916666666666667,1.916666666666667,NA,NA
CF7,Orijen,Cat Food,NA,NA,NA,NA,3.916666666666667,1.5,NA,NA
CF27,Purina One,Cat Food,NA,NA,NA,NA,1.2916666666666667,2.5,NA,NA
CF28,Purina Pro Plan,Cat Food,NA,NA,NA,NA,1.5,3.6666666666666665,NA,NA
CF23,Sheba,Cat Food,NA,NA,NA,NA,2.0416666666666665,1,NA,NA
CF29,Wellness CORE,Cat Food,NA,NA,NA,NA,3.583333333333333,1.583333333333333,NA,NA
CF25,Ziwi Peak,Cat Food,NA,NA,NA,NA,4.875,1.416666666666667,NA,NA
CF30,Tiki cat,Cat Food,NA,NA,NA,NA,4.208333333333334,1.333333333333333,NA,NA
CF31,Smalls,Cat Food,NA,NA,NA,NA,5,1.416666666666667,NA,NA
CF32,Rayne Nutrition,Cat Food,NA,NA,NA,NA,2.2916666666666665,4.916666666666667,NA,NA
CF33,Farmina,Cat Food,NA,NA,NA,NA,3.041666666666667,3,NA,NA
CF34,Weruva,Cat Food,NA,NA,NA,NA,4.25,1.333333333333333,NA,NA
CF35,Stella & Chewy's,Cat Food,NA,NA,NA,NA,4.791666666666667,1.333333333333333,NA,NA
CF36,Open Farm,Cat Food,NA,NA,NA,NA,4.375,1.25,NA,NA
CF37,Feline Natural,Cat Food,NA,NA,NA,NA,4.791666666666667,1.416666666666667,NA,NA
CF38,Instinct,Cat Food,NA,NA,NA,NA,4.333333333333333,1.5,NA,NA
CF40,Primal Pet Foods,Cat Food,NA,NA,NA,NA,4.916666666666667,1.333333333333333,NA,NA
CF42,The Honest Kitchen,Cat Food,NA,NA,NA,NA,4.791666666666667,1.333333333333333,NA,NA
CF43,RAWZ,Cat Food,NA,NA,NA,NA,4.041666666666667,1.5,NA,NA
CF44,Raised Right,Cat Food,NA,NA,NA,NA,4.791666666666666,1.583333333333333,NA,NA
CF46,Viva Raw,Cat Food,NA,NA,NA,NA,5,1.25,NA,NA
CF47,Vital Essentials,Cat Food,NA,NA,NA,NA,4.916666666666667,1.333333333333333,NA,NA
CF48,Virbac Veterinary HPM,Cat Food,NA,NA,NA,NA,1.4166666666666667,4.75,NA,NA
CF49,Koha,Cat Food,NA,NA,NA,NA,3.875,1.583333333333333,NA,NA
CF50,Nulo,Cat Food,NA,NA,NA,NA,3.375,1.75,NA,NA
CF51,Hound & Gatos,Cat Food,NA,NA,NA,NA,3.791666666666667,1.416666666666667,NA,NA
CF52,Caru,Cat Food,NA,NA,NA,NA,4.166666666666667,1.333333333333333,NA,NA
CF53,Dr. Elsey’s,Cat Food,NA,NA,NA,NA,2.5,2.5833333333333335,NA,NA
CF54,JustFoodForCats,Cat Food,NA,NA,NA,NA,4.916666666666667,2.5833333333333335,NA,NA
CF55,Smallbatch Pets,Cat Food,NA,NA,NA,NA,4.916666666666667,1.25,NA,NA
CF56,Annamaet,Cat Food,NA,NA,NA,NA,2.3333333333333335,2.4166666666666665,NA,NA
CF57,Forza10,Cat Food,NA,NA,NA,NA,2.25,3.4166666666666665,NA,NA
CF58,Fromm,Cat Food,NA,NA,NA,NA,3,1.416666666666667,NA,NA
CF59,Canidae,Cat Food,NA,NA,NA,NA,2.9166666666666665,1.5,NA,NA
CF60,Darwin's Natural Pet Products,Cat Food,NA,NA,NA,NA,5,1.75,NA,NA
CF62,Fussie Cat,Cat Food,NA,NA,NA,NA,3.625,1.166666666666667,NA,NA
CF64,Kirkland Signature,Cat Food,NA,NA,NA,NA,1.875,1.083333333333333,NA,NA
CF65,Kit & Kaboodle,Cat Food,NA,NA,NA,NA,1.2083333333333335,1,NA,NA
CF67,Schesir,Cat Food,NA,NA,NA,NA,4,1.25,NA,NA
CF68,Solid Gold,Cat Food,NA,NA,NA,NA,3.208333333333333,1.666666666666667,NA,NA
CM1,Bonavita,Coffee Maker,NA,NA,NA,NA,NA,NA,2.458333333333333,1
CM2,Breville,Coffee Maker,NA,NA,NA,NA,NA,NA,3.333333333333333,3.75
CM4,Cuisinart,Coffee Maker,NA,NA,NA,NA,NA,NA,1.875,1.8333333333333333
CM5,DeLonghi,Coffee Maker,NA,NA,NA,NA,NA,NA,2.333333333333333,4.333333333333333
CM6,Hamilton Beach,Coffee Maker,NA,NA,NA,NA,NA,NA,1.625,1.25
CM7,Keurig,Coffee Maker,NA,NA,NA,NA,NA,NA,1,1.4166666666666667
CM8,Mr. Coffee,Coffee Maker,NA,NA,NA,NA,NA,NA,1.666666666666667,1.5833333333333333
CM9,Nespresso,Coffee Maker,NA,NA,NA,NA,NA,NA,1,5
CM10,Ninja,Coffee Maker,NA,NA,NA,NA,NA,NA,2.125,2.25
CM11,OXO,Coffee Maker,NA,NA,NA,NA,NA,NA,2.4166666666666665,1.1666666666666667
CM12,Technivorm,Coffee Maker,NA,NA,NA,NA,NA,NA,2.5,1
CM13,Bella,Coffee Maker,NA,NA,NA,NA,NA,NA,1.583333333333333,1.4166666666666667
CM14,Black+Decker,Coffee Maker,NA,NA,NA,NA,NA,NA,1.583333333333333,1.0833333333333333
CM15,Braun,Coffee Maker,NA,NA,NA,NA,NA,NA,1.875,1.5
CM16,Brentwood,Coffee Maker,NA,NA,NA,NA,NA,NA,1.583333333333333,1.3333333333333333
CM3,Bunn,Coffee Maker,NA,NA,NA,NA,NA,NA,1.75,1
CM17,Capresso,Coffee Maker,NA,NA,NA,NA,NA,NA,2.333333333333333,3.25
CM18,Jura,Coffee Maker,NA,NA,NA,NA,NA,NA,1.166666666666667,5
CM19,KitchenAid,Coffee Maker,NA,NA,NA,NA,NA,NA,2.375,2.5
CM21,Philips,Coffee Maker,NA,NA,NA,NA,NA,NA,1.375,4.333333333333333
CM22,La Marzocco,Coffee Maker,NA,NA,NA,NA,NA,NA,4.583333333333334,5
CM23,Gaggia,Coffee Maker,NA,NA,NA,NA,NA,NA,3.625,4.916666666666667
CM24,ECM,Coffee Maker,NA,NA,NA,NA,NA,NA,4.5,5
CM25,Profitec,Coffee Maker,NA,NA,NA,NA,NA,NA,4.5,5
CM26,Rocket Espresso,Coffee Maker,NA,NA,NA,NA,NA,NA,4.5,5
CM27,Rancilio,Coffee Maker,NA,NA,NA,NA,NA,NA,4.25,5
CM28,Lelit,Coffee Maker,NA,NA,NA,NA,NA,NA,4.458333333333334,5
CM30,Fellow,Coffee Maker,NA,NA,NA,NA,NA,NA,3.416666666666667,1.4166666666666667
CM31,Decent Espresso,Coffee Maker,NA,NA,NA,NA,NA,NA,4.541666666666666,5
CM32,Flair Espresso,Coffee Maker,NA,NA,NA,NA,NA,NA,5,5
CM33,Slayer,Coffee Maker,NA,NA,NA,NA,NA,NA,4.833333333333333,5
CM34,Miele,Coffee Maker,NA,NA,NA,NA,NA,NA,1.25,4.75
CM41,Ratio,Coffee Maker,NA,NA,NA,NA,NA,NA,2.458333333333333,1
CM42,La Pavoni,Coffee Maker,NA,NA,NA,NA,NA,NA,5,5
CM43,Synesso,Coffee Maker,NA,NA,NA,NA,NA,NA,4.75,5
CM47,Illy,Coffee Maker,NA,NA,NA,NA,NA,NA,1.2916666666666665,4.666666666666667
CM48,Lavazza,Coffee Maker,NA,NA,NA,NA,NA,NA,1.0416666666666665,4.75
CM49,Zojirushi,Coffee Maker,NA,NA,NA,NA,NA,NA,1.875,1
CM50,Victoria Arduino,Coffee Maker,NA,NA,NA,NA,NA,NA,4.458333333333334,5
CM51,Kees van der Westen,Coffee Maker,NA,NA,NA,NA,NA,NA,4.791666666666666,5
CM52,Bezzera,Coffee Maker,NA,NA,NA,NA,NA,NA,4.416666666666666,5
CM56,Dalla Corte,Coffee Maker,NA,NA,NA,NA,NA,NA,4.333333333333333,5
CM57,Saeco,Coffee Maker,NA,NA,NA,NA,NA,NA,1.2916666666666665,4.916666666666667
CM60,Cafelat,Coffee Maker,NA,NA,NA,NA,NA,NA,5,5
CM63,Leverpresso,Coffee Maker,NA,NA,NA,NA,NA,NA,4.958333333333334,5
CM64,Proctor Silex,Coffee Maker,NA,NA,NA,NA,NA,NA,1.4166666666666665,1.0833333333333333
CM65,Elektra,Coffee Maker,NA,NA,NA,NA,NA,NA,4.708333333333334,5
CM67,Bosch,Coffee Maker,NA,NA,NA,NA,NA,NA,1.2916666666666665,3.25
CM73,Olympia Express,Coffee Maker,NA,NA,NA,NA,NA,NA,4.916666666666667,5
CM76,Londinium,Coffee Maker,NA,NA,NA,NA,NA,NA,4.916666666666667,5
CM77,Quick Mill,Coffee Maker,NA,NA,NA,NA,NA,NA,4.375,5
CM78,ROK,Coffee Maker,NA,NA,NA,NA,NA,NA,5,5
CM82,Café,Coffee Maker,NA,NA,NA,NA,NA,NA,2.083333333333333,2.4166666666666665
CM87,Melitta,Coffee Maker,NA,NA,NA,NA,NA,NA,2.083333333333333,1.8333333333333333
CM90,Sanremo,Coffee Maker,NA,NA,NA,NA,NA,NA,4.583333333333333,5
CM92,Spinn,Coffee Maker,NA,NA,NA,NA,NA,NA,1.5,4.25
CD1,Black+Decker,Cordless Drill,NA,1,NA,NA,NA,NA,NA,NA
CD2,Bosch,Cordless Drill,NA,4.666666666666667,NA,NA,NA,NA,NA,NA
CD4,Dewalt,Cordless Drill,NA,5,NA,NA,NA,NA,NA,NA
CD5,Makita,Cordless Drill,NA,5,NA,NA,NA,NA,NA,NA
CD6,Milwaukee,Cordless Drill,NA,5,NA,NA,NA,NA,NA,NA
CD7,Ryobi,Cordless Drill,NA,1.8333333333333333,NA,NA,NA,NA,NA,NA
CD3,Craftsman,Cordless Drill,NA,2.75,NA,NA,NA,NA,NA,NA
CD8,Festool,Cordless Drill,NA,5,NA,NA,NA,NA,NA,NA
CD9,Hilti,Cordless Drill,NA,5,NA,NA,NA,NA,NA,NA
CD10,Kobalt,Cordless Drill,NA,3.25,NA,NA,NA,NA,NA,NA
CD11,Metabo HPT,Cordless Drill,NA,4.416666666666667,NA,NA,NA,NA,NA,NA
CD12,Ridgid,Cordless Drill,NA,3.4166666666666665,NA,NA,NA,NA,NA,NA
CD13,Skil,Cordless Drill,NA,2.75,NA,NA,NA,NA,NA,NA
CD14,Worx,Cordless Drill,NA,1.3333333333333333,NA,NA,NA,NA,NA,NA
CD15,Hart,Cordless Drill,NA,1.1666666666666667,NA,NA,NA,NA,NA,NA
CD16,Bauer,Cordless Drill,NA,1.5833333333333333,NA,NA,NA,NA,NA,NA
CD17,Hercules,Cordless Drill,NA,3.3333333333333335,NA,NA,NA,NA,NA,NA
CD18,Flex,Cordless Drill,NA,4.666666666666667,NA,NA,NA,NA,NA,NA
CD19,Porter-Cable,Cordless Drill,NA,2.1666666666666665,NA,NA,NA,NA,NA,NA
CD20,Wen,Cordless Drill,NA,1,NA,NA,NA,NA,NA,NA
HJ1,Arc'teryx,Hiking Jacket,NA,NA,4.194444444444445,4.083333333333333,NA,NA,NA,NA
HJ2,Black Diamond,Hiking Jacket,NA,NA,4.444444444444444,2.8333333333333335,NA,NA,NA,NA
HJ3,Columbia,Hiking Jacket,NA,NA,1.5833333333333333,2.6666666666666665,NA,NA,NA,NA
HJ4,Mammut,Hiking Jacket,NA,NA,4.472222222222222,3.9166666666666665,NA,NA,NA,NA
HJ5,Marmot,Hiking Jacket,NA,NA,2.888888888888889,2.8333333333333335,NA,NA,NA,NA
HJ6,Mountain Hardwear,Hiking Jacket,NA,NA,3.9166666666666665,3.1666666666666665,NA,NA,NA,NA
HJ7,Outdoor Research,Hiking Jacket,NA,NA,3.638888888888889,3.0833333333333335,NA,NA,NA,NA
HJ8,Patagonia,Hiking Jacket,NA,NA,3.194444444444444,4.916666666666667,NA,NA,NA,NA
HJ9,REI Co-op,Hiking Jacket,NA,NA,2.055555555555556,3.75,NA,NA,NA,NA
HJ10,Rab,Hiking Jacket,NA,NA,4.5,3.75,NA,NA,NA,NA
HJ11,The North Face,Hiking Jacket,NA,NA,2.75,3.5833333333333335,NA,NA,NA,NA
HJ12,Eddie Bauer,Hiking Jacket,NA,NA,1.8333333333333333,2.4166666666666665,NA,NA,NA,NA
HJ14,Kathmandu,Hiking Jacket,NA,NA,1.75,3.75,NA,NA,NA,NA
HJ15,KÜHL,Hiking Jacket,NA,NA,1.8611111111111114,2,NA,NA,NA,NA
HJ16,L.L.Bean,Hiking Jacket,NA,NA,1.472222222222222,2.8333333333333335,NA,NA,NA,NA
HJ17,Montane,Hiking Jacket,NA,NA,4.277777777777778,3.3333333333333335,NA,NA,NA,NA
HJ18,Mountain Equipment,Hiking Jacket,NA,NA,4.666666666666667,3.75,NA,NA,NA,NA
HJ19,icebreaker,Hiking Jacket,NA,NA,2.5,4.166666666666667,NA,NA,NA,NA
HJ21,Helly Hansen,Hiking Jacket,NA,NA,2.888888888888889,3.1666666666666665,NA,NA,NA,NA
HJ22,Fjällräven,Hiking Jacket,NA,NA,2.722222222222222,4.083333333333333,NA,NA,NA,NA
HJ23,Norrøna,Hiking Jacket,NA,NA,4.388888888888889,4.416666666666667,NA,NA,NA,NA
HJ25,VAUDE,Hiking Jacket,NA,NA,2.8611111111111107,4.833333333333333,NA,NA,NA,NA
HJ26,Houdini Sportswear,Hiking Jacket,NA,NA,3.0277777777777772,4.666666666666667,NA,NA,NA,NA
HJ27,Cotopaxi,Hiking Jacket,NA,NA,1.8888888888888886,4.166666666666667,NA,NA,NA,NA
HJ28,Picture Organic Clothing,Hiking Jacket,NA,NA,2.361111111111111,4.416666666666667,NA,NA,NA,NA
HJ29,Merrell,Hiking Jacket,NA,NA,1.9166666666666667,2.4166666666666665,NA,NA,NA,NA
HJ30,Páramo,Hiking Jacket,NA,NA,3.6388888888888893,3.8333333333333335,NA,NA,NA,NA
HJ32,Montbell,Hiking Jacket,NA,NA,3.7222222222222228,3.25,NA,NA,NA,NA
HJ33,Salomon,Hiking Jacket,NA,NA,3.0833333333333335,3.1666666666666665,NA,NA,NA,NA
HJ34,tentree,Hiking Jacket,NA,NA,1.5,4.583333333333333,NA,NA,NA,NA
HJ35,Klättermusen,Hiking Jacket,NA,NA,4.25,4.25,NA,NA,NA,NA
HJ36,Finisterre,Hiking Jacket,NA,NA,2.111111111111111,4.416666666666667,NA,NA,NA,NA
HJ38,Haglöfs,Hiking Jacket,NA,NA,3.5,4.083333333333333,NA,NA,NA,NA
HJ39,Ortovox,Hiking Jacket,NA,NA,4.416666666666667,4,NA,NA,NA,NA
HJ40,Salewa,Hiking Jacket,NA,NA,4.166666666666667,3.5,NA,NA,NA,NA
HJ42,prAna,Hiking Jacket,NA,NA,1.75,3.4166666666666665,NA,NA,NA,NA
HJ44,Toad&Co,Hiking Jacket,NA,NA,1.6111111111111114,4,NA,NA,NA,NA
HJ46,Bergans of Norway,Hiking Jacket,NA,NA,3.222222222222222,3.9166666666666665,NA,NA,NA,NA
HJ47,Beyond Clothing,Hiking Jacket,NA,NA,4.222222222222222,2.1666666666666665,NA,NA,NA,NA
HJ50,Sierra Designs,Hiking Jacket,NA,NA,2.5555555555555554,2.5,NA,NA,NA,NA
HJ54,Mountain Warehouse,Hiking Jacket,NA,NA,1.3055555555555554,1.75,NA,NA,NA,NA
