category,brand_key,canonical_brand,alias,match_status,excluded_reason
Boat Cruise,BC2,American Cruise Lines,American Cruise Lines,in_set_exact,
Boat Cruise,BC4,Carnival,Carnival,in_set_exact,
Boat Cruise,BC5,Celebrity Cruises,Celebrity Cruises,in_set_exact,
Boat Cruise,BC9,Disney Cruise Line,Disney Cruise Line,in_set_exact,
Boat Cruise,BC10,Holland America Line,Holland America Line,in_set_exact,
Boat Cruise,BC6,Lindblad Expeditions,Lindblad Expeditions,in_set_exact,
Boat Cruise,BC11,MSC Cruises,MSC Cruises,in_set_exact,
Boat Cruise,BC12,NCL,NCL,in_set_exact,
Boat Cruise,BC7,Ponant,Ponant,in_set_exact,
Boat Cruise,BC13,Princess (Cruises),Princess (Cruises),in_set_exact,
Boat Cruise,BC14,Royal Caribbean,Royal Caribbean,in_set_exact,
Boat Cruise,BC16,Viking (Cruising),Viking (Cruising),in_set_exact,
Boat Cruise,BC1,AmaWaterways,AmaWaterways,in_set_exact,
Boat Cruise,BC3,Avalon Waterways,Avalon Waterways,in_set_exact,
Boat Cruise,BC17,Costa (Cruises),Costa (Cruises),in_set_exact,
Boat Cruise,BC8,CroisiEurope,CroisiEurope,in_set_exact,
Boat Cruise,BC18,Crystal (Cruising),Crystal (Cruising),in_set_exact,
Boat Cruise,BC19,Cunard,Cunard,in_set_exact,
Boat Cruise,BC20,Oceania Cruises,Oceania Cruises,in_set_exact,
Boat Cruise,BC21,Regent Seven Seas Cruises,Regent Seven Seas Cruises,in_set_exact,
Boat Cruise,BC22,Seabourn,Seabourn,in_set_exact,
Boat Cruise,BC23,Silversea,Silversea,in_set_exact,
Boat Cruise,BC15,Uniworld Boutique River Cruises,Uniworld Boutique River Cruises,in_set_exact,
Boat Cruise,BC24,Virgin Voyages,Virgin Voyages,in_set_exact,
Boat Cruise,BC25,Windstar,Windstar,in_set_exact,
Cat Food,CF1,Blue Buffalo,Blue Buffalo,in_set_exact,
Cat Food,CF2,Fancy Feast,Fancy Feast,in_set_exact,
Cat Food,CF3,Friskies,Friskies,in_set_exact,
Cat Food,CF4,Hill's,Hill's,in_set_exact,
Cat Food,CF5,IAMS,IAMS,in_set_exact,
Cat Food,CF18,Meow Mix,Meow Mix,in_set_exact,
Cat Food,CF6,Merrick,Merrick,in_set_exact,
Cat Food,CF8,"Purina (ambiguous, parent brand)","Purina (ambiguous, parent brand)",in_set_exact,
Cat Food,CF9,Royal Canin,Royal Canin,in_set_exact,
Cat Food,CF10,Taste of the Wild,Taste of the Wild,in_set_exact,
Cat Food,CF11,Wellness,Wellness,in_set_exact,
Cat Food,CF26,Wellness Complete Health,Wellness Complete Health,in_set_exact,
Cat Food,CF24,Whiskas,Whiskas,in_set_exact,
Cat Food,CF14,9 Lives,9 Lives,in_set_exact,
Cat Food,CF15,Acana,Acana,in_set_exact,
Cat Food,CF16,(Purina) Cat Chow,(Purina) Cat Chow,in_set_exact,
Cat Food,CF17,Freshpet,Freshpet,in_set_exact,
Cat Food,CF19,Nutrish,Nutrish,in_set_exact,
Cat Food,CF20,Nutro,Nutro,in_set_exact,
Cat Food,CF7,Orijen,Orijen,in_set_exact,
Cat Food,CF27,Purina One,Purina One,in_set_exact,
Cat Food,CF28,Purina Pro Plan,Purina Pro Plan,in_set_exact,
Cat Food,CF23,Sheba,Sheba,in_set_exact,
Cat Food,CF29,Wellness CORE,Wellness CORE,in_set_exact,
Cat Food,CF25,Ziwi Peak,Ziwi Peak,in_set_exact,
Cat Food,CF30,Tiki cat,Tiki cat,in_set_exact,
Cat Food,CF31,Smalls,Smalls,in_set_exact,
Coffee Maker,CM1,Bonavita,Bonavita,in_set_exact,
Coffee Maker,CM2,Breville,Breville,in_set_exact,
Coffee Maker,CM4,Cuisinart,Cuisinart,in_set_exact,
Coffee Maker,CM5,DeLonghi,DeLonghi,in_set_exact,
Coffee Maker,CM6,Hamilton Beach,Hamilton Beach,in_set_exact,
Coffee Maker,CM7,Keurig,Keurig,in_set_exact,
Coffee Maker,CM8,Mr. Coffee,Mr. Coffee,in_set_exact,
Coffee Maker,CM9,Nespresso,Nespresso,in_set_exact,
Coffee Maker,CM10,Ninja,Ninja,in_set_exact,
Coffee Maker,CM11,OXO,OXO,in_set_exact,
Coffee Maker,CM12,Technivorm,Technivorm,in_set_exact,
Coffee Maker,CM13,Bella,Bella,in_set_exact,
Coffee Maker,CM14,Black+Decker,Black+Decker,in_set_exact,
Coffee Maker,CM15,Braun,Braun,in_set_exact,
Coffee Maker,CM16,Brentwood,Brentwood,in_set_exact,
Coffee Maker,CM3,Bunn,Bunn,in_set_exact,
Coffee Maker,CM17,Capresso,Capresso,in_set_exact,
Coffee Maker,CM18,Jura,Jura,in_set_exact,
Coffee Maker,CM19,KitchenAid,KitchenAid,in_set_exact,
Coffee Maker,CM20,Nescafe,Nescafe,in_set_exact,
Coffee Maker,CM21,Philips,Philips,in_set_exact,
Coffee Maker,CM22,La Marzocco,La Marzocco,in_set_exact,
Coffee Maker,CM23,Gaggia,Gaggia,in_set_exact,
Cordless Drill,CD1,Black+Decker,Black+Decker,in_set_exact,
Cordless Drill,CD2,Bosch,Bosch,in_set_exact,
Cordless Drill,CD4,Dewalt,Dewalt,in_set_exact,
Cordless Drill,CD5,Makita,Makita,in_set_exact,
Cordless Drill,CD6,Milwaukee,Milwaukee,in_set_exact,
Cordless Drill,CD7,Ryobi,Ryobi,in_set_exact,
Cordless Drill,CD3,Craftsman,Craftsman,in_set_exact,
Cordless Drill,CD8,Festool,Festool,in_set_exact,
Cordless Drill,CD9,Hilti,Hilti,in_set_exact,
Cordless Drill,CD10,Kobalt,Kobalt,in_set_exact,
Cordless Drill,CD11,Metabo HPT,Metabo HPT,in_set_exact,
Cordless Drill,CD12,Ridgid,Ridgid,in_set_exact,
Cordless Drill,CD13,Skil,Skil,in_set_exact,
Cordless Drill,CD14,Worx,Worx,in_set_exact,
Cordless Drill,CD15,Hart,Hart,in_set_exact,
Cordless Drill,CD16,Bauer,Bauer,in_set_exact,
Cordless Drill,CD17,Hercules,Hercules,in_set_exact,
Cordless Drill,CD18,Flex,Flex,in_set_exact,
Cordless Drill,CD19,Porter-Cable,Porter-Cable,in_set_exact,
Hiking Jacket,HJ1,Arc'teryx,Arc'teryx,in_set_exact,
Hiking Jacket,HJ2,Black Diamond,Black Diamond,in_set_exact,
Hiking Jacket,HJ3,Columbia,Columbia,in_set_exact,
Hiking Jacket,HJ4,Mammut,Mammut,in_set_exact,
Hiking Jacket,HJ5,Marmot,Marmot,in_set_exact,
Hiking Jacket,HJ6,Mountain Hardwear,Mountain Hardwear,in_set_exact,
Hiking Jacket,HJ7,Outdoor Research,Outdoor Research,in_set_exact,
Hiking Jacket,HJ8,Patagonia,Patagonia,in_set_exact,
Hiking Jacket,HJ9,REI Co-op,REI Co-op,in_set_exact,
Hiking Jacket,HJ10,Rab,Rab,in_set_exact,
Hiking Jacket,HJ11,The North Face,The North Face,in_set_exact,
Hiking Jacket,HJ12,Eddie Bauer,Eddie Bauer,in_set_exact,
Hiking Jacket,HJ13,Jack Wolfskin,Jack Wolfskin,in_set_exact,
Hiking Jacket,HJ14,Kathmandu,Kathmandu,in_set_exact,
Hiking Jacket,HJ15,KÜHL,KÜHL,in_set_exact,
Hiking Jacket,HJ16,L.L.Bean,L.L.Bean,in_set_exact,
Hiking Jacket,HJ17,Montane,Montane,in_set_exact,
Hiking Jacket,HJ18,Mountain Equipment,Mountain Equipment,in_set_exact,
Hiking Jacket,HJ19,icebreaker,icebreaker,in_set_exact,
Hiking Jacket,HJ20,Gill,Gill,in_set_exact,
Hiking Jacket,HJ21,Helly Hansen,Helly Hansen,in_set_exact,
Cat Food,CF8,Purina,Purina,in_set_alias,
Cat Food,CF16,(Purina) Cat Chow,Cat Chow,in_set_alias,
Cat Food,CF16,(Purina) Cat Chow,Purina Cat Chow,in_set_alias,
Cat Food,CF28,Purina Pro Plan,Pro Plan,in_set_alias,
Cat Food,CF4,Hill's,Hill's Science Diet,in_set_alias,
Cat Food,CF4,Hill's,Hills Science Diet,in_set_alias,
Cat Food,CF4,Hill's,Hill's Prescription Diet,in_set_alias,
Cat Food,CF19,Nutrish,Rachael Ray Nutrish,in_set_alias,
Boat Cruise,BC12,NCL,Norwegian Cruise Line,in_set_alias,
Boat Cruise,BC12,NCL,Norwegian Cruise Lines,in_set_alias,
Boat Cruise,BC12,NCL,Norwegian,in_set_alias,
Boat Cruise,BC13,Princess (Cruises),Princess Cruises,in_set_alias,
Boat Cruise,BC13,Princess (Cruises),Princess,in_set_alias,
Boat Cruise,BC16,Viking (Cruising),Viking Cruises,in_set_alias,
Boat Cruise,BC16,Viking (Cruising),Viking,in_set_alias,
Boat Cruise,BC17,Costa (Cruises),Costa Cruises,in_set_alias,
Boat Cruise,BC18,Crystal (Cruising),Crystal Cruises,in_set_alias,
Boat Cruise,BC15,Uniworld Boutique River Cruises,Uniworld,in_set_alias,
Cordless Drill,CD1,Black+Decker,Black & Decker,in_set_alias,
Cordless Drill,CD1,Black+Decker,Black and Decker,in_set_alias,
Cordless Drill,CD11,Metabo HPT,Metabo,in_set_alias,
Coffee Maker,CM14,Black+Decker,Black & Decker,in_set_alias,
Coffee Maker,CM14,Black+Decker,Black and Decker,in_set_alias,
Coffee Maker,CM5,DeLonghi,De'Longhi,in_set_alias,
Coffee Maker,CM11,OXO,OXO Brew,in_set_alias,
Coffee Maker,CM12,Technivorm,Technivorm Moccamaster,in_set_alias,
Coffee Maker,CM12,Technivorm,Moccamaster,in_set_alias,
Coffee Maker,CM20,Nescafe,Nescafé,in_set_alias,
Hiking Jacket,HJ1,Arc'teryx,Arcteryx,in_set_alias,
Hiking Jacket,HJ1,Arc'teryx,Arc’teryx,in_set_alias,
Hiking Jacket,HJ9,REI Co-op,REI,in_set_alias,
Hiking Jacket,HJ9,REI Co-op,REI Coop,in_set_alias,
Hiking Jacket,HJ11,The North Face,North Face,in_set_alias,
Hiking Jacket,HJ11,The North Face,TNF,in_set_alias,
Hiking Jacket,HJ16,L.L.Bean,L.L. Bean,in_set_alias,
Hiking Jacket,HJ16,L.L.Bean,LL Bean,in_set_alias,
Hiking Jacket,HJ15,KÜHL,KUHL,in_set_alias,
Boat Cruise,,,City Cruises,excluded_day_cruise,day_cruise_out_of_scope
Boat Cruise,,,Hornblower,excluded_day_cruise,day_cruise_out_of_scope
Boat Cruise,,,Hornblower Cruises,excluded_day_cruise,day_cruise_out_of_scope
Boat Cruise,,,Spirit,excluded_day_cruise,day_cruise_out_of_scope
Boat Cruise,,,Spirit Cruises,excluded_day_cruise,day_cruise_out_of_scope
Cordless Drill,CD2,Bosch,Bosch Professional,in_set_alias,
Cordless Drill,CD6,Milwaukee,Milwaukee Tool,in_set_alias,
Boat Cruise,BC4,Carnival,Carnival Cruise Line,in_set_alias,
Boat Cruise,BC14,Royal Caribbean,Royal Caribbean International,in_set_alias,
Boat Cruise,BC25,Windstar,Windstar Cruises,in_set_alias,
Boat Cruise,BC16,Viking (Cruising),Viking Ocean Cruises,in_set_alias,
Boat Cruise,BC16,Viking (Cruising),Viking Ocean,in_set_alias,
Boat Cruise,BC16,Viking (Cruising),Viking Expeditions,in_set_alias,
Boat Cruise,BC23,Silversea,Silversea Expeditions,in_set_alias,
Boat Cruise,BC23,Silversea,Silversea Cruises,in_set_alias,
Boat Cruise,BC6,Lindblad Expeditions,Lindblad Expeditions-National Geographic,in_set_alias,
Boat Cruise,BC6,Lindblad Expeditions,National Geographic-Lindblad Expeditions,in_set_alias,
Boat Cruise,BC21,Regent Seven Seas Cruises,Regent Seven Seas,in_set_alias,
Boat Cruise,BC22,Seabourn,Seabourn Cruise Line,in_set_alias,
Boat Cruise,BC22,Seabourn,Seabourn Expeditions,in_set_alias,
Boat Cruise,BC22,Seabourn,Seabourn Expedition,in_set_alias,
Boat Cruise,BC22,Seabourn,Seabourn Venture,in_set_alias,
Boat Cruise,BC22,Seabourn,Seabourn Expedition Cruises,in_set_alias,
Boat Cruise,BC18,Crystal (Cruising),Crystal,in_set_alias,
Boat Cruise,BC7,Ponant,Ponant Expeditions,in_set_alias,
Cat Food,CF28,Purina Pro Plan,Purina Pro Plan Veterinary Diets,in_set_alias,
Cat Food,CF9,Royal Canin,Royal Canin Veterinary Diet,in_set_alias,
Cat Food,CF9,Royal Canin,Royal Canin Feline Health Nutrition,in_set_alias,
Cat Food,CF9,Royal Canin,Royal Canin Veterinary,in_set_alias,
Cat Food,CF9,Royal Canin,Royal Canin Feline Health Nutrition Oral Care Dry Cat Food,in_set_alias,
Cat Food,CF1,Blue Buffalo,Blue Buffalo Natural Veterinary Diet,in_set_alias,
Cat Food,CF1,Blue Buffalo,Blue Buffalo Wilderness,in_set_alias,
Cat Food,CF1,Blue Buffalo,Blue Buffalo Veterinary Diet,in_set_alias,
Cat Food,CF1,Blue Buffalo,Blue Natural Veterinary Diet,in_set_alias,
Cat Food,CF1,Blue Buffalo,Blue Buffalo Veterinary Diets,in_set_alias,
Cat Food,CF1,Blue Buffalo,Blue Buffalo Tastefuls,in_set_alias,
Cat Food,CF1,Blue Buffalo,Blue Buffalo Healthy Gourmet,in_set_alias,
Cat Food,CF1,Blue Buffalo,Blue Buffalo True Solutions,in_set_alias,
Cat Food,CF1,Blue Buffalo,Blue Buffalo Indoor Health Chicken & Brown Rice Recipe for Adult Cats,in_set_alias,
Cat Food,CF1,Blue Buffalo,Blue Buffalo Healthy Living,in_set_alias,
Cat Food,CF5,IAMS,Iams ProActive Health,in_set_alias,
Cat Food,CF5,IAMS,Iams Veterinary Formulas,in_set_alias,
Cat Food,CF5,IAMS,Iams Veterinary Formula,in_set_alias,
Cat Food,CF5,IAMS,Iams ProActive Health Adult,in_set_alias,
Cat Food,CF14,9 Lives,9Lives,in_set_alias,
Cat Food,CF14,9 Lives,9Lives Daily Essentials,in_set_alias,
Cat Food,CF2,Fancy Feast,Fancy Feast Classic Pâté,in_set_alias,
Cat Food,CF2,Fancy Feast,Purina Fancy Feast,in_set_alias,
Cat Food,CF2,Fancy Feast,Fancy Feast Gourmet Naturals,in_set_alias,
Cat Food,CF3,Friskies,Purina Friskies,in_set_alias,
Cat Food,CF3,Friskies,Friskies Pâté or Shreds,in_set_alias,
Cat Food,CF3,Friskies,Friskies Pâté Wet Food,in_set_alias,
Cat Food,CF3,Friskies,Friskies Wet Food,in_set_alias,
Cat Food,CF3,Friskies,Friskies Pâté,in_set_alias,
Cat Food,CF16,(Purina) Cat Chow,Purina Cat Chow Complete,in_set_alias,
Cat Food,CF16,(Purina) Cat Chow,Purina Cat Chow Naturals,in_set_alias,
Cat Food,CF30,Tiki cat,Tiki Cat After Dark,in_set_alias,
Cat Food,CF6,Merrick,Merrick Purrfect Bistro,in_set_alias,
Cat Food,CF6,Merrick,Merrick Before Grain,in_set_alias,
Cat Food,CF18,Meow Mix,Meow Mix Original Choice,in_set_alias,
Cat Food,CF18,Meow Mix,Meow Mix Tender Centers,in_set_alias,
Cat Food,CF7,Orijen,Orijen Cat & Kitten,in_set_alias,
Cat Food,CF7,Orijen,Orijen Cat,in_set_alias,
Cat Food,CF23,Sheba,Sheba Perfect Portions,in_set_alias,
Cat Food,CF20,Nutro,Nutro Wholesome Essentials,in_set_alias,
Cat Food,CF27,Purina One,Purina ONE Healthy Kitten Food,in_set_alias,
Cat Food,CF4,Hill's,Hill's Science Diet Adult Healthy Cuisine Seared Tuna & Carrot Medley Cat Food,in_set_alias,
Hiking Jacket,HJ11,The North Face,The North Face Summit Series,in_set_alias,
Hiking Jacket,HJ2,Black Diamond,Black Diamond Equipment,in_set_alias,
Coffee Maker,CM21,Philips,Philips 3200,in_set_alias,
Coffee Maker,CM22,La Marzocco,Linea Mini,in_set_alias,
Boat Cruise,,HX (Hurtigruten Expeditions),Hurtigruten Expeditions,out_of_set_candidate,
Boat Cruise,,HX (Hurtigruten Expeditions),Hurtigruten,out_of_set_candidate,
Boat Cruise,,HX (Hurtigruten Expeditions),HX,out_of_set_candidate,
Boat Cruise,,HX (Hurtigruten Expeditions),HX Hurtigruten Expeditions,out_of_set_candidate,
Cat Food,,Rayne Clinical Nutrition,Rayne Clinical Nutrition,out_of_set_candidate,
Cat Food,,Rayne Clinical Nutrition,Rayne Nutrition,out_of_set_candidate,
Cat Food,,Farmina,Farmina,out_of_set_candidate,
Cat Food,,Farmina,Farmina Vet Life,out_of_set_candidate,
Cat Food,,Farmina,Farmina Vet Life Veterinary Diet,out_of_set_candidate,
Cat Food,,Farmina,Farmina N&D,out_of_set_candidate,
Cat Food,,Farmina,Farmina N&D Quality Ansestral,out_of_set_candidate,
Cat Food,,Feline Natural,Feline Natural,out_of_set_candidate,
Cat Food,,Feline Natural,Feline Naturals,out_of_set_candidate,
Cat Food,,Instinct,Instinct,out_of_set_candidate,
Cat Food,,Instinct,Instinct Original,out_of_set_candidate,
Cat Food,,Instinct,Instinct Raw,out_of_set_candidate,
Cat Food,,Instinct,Nature's Variety Instinct,out_of_set_candidate,
Cat Food,,Eukanuba,Eukanuba,out_of_set_candidate,
Cat Food,,Eukanuba,Eukanuba Veterinary Diets,out_of_set_candidate,
Cat Food,,Primal Pet Foods,Primal Pet Foods,out_of_set_candidate,
Cat Food,,Primal Pet Foods,Primal,out_of_set_candidate,
Cat Food,,The Farmer's Dog,The Farmer's Dog,out_of_set_candidate,
Cat Food,,The Farmer's Dog,Farmer's Dog,out_of_set_candidate,
Cat Food,,The Farmer's Dog,Farmers Dog,out_of_set_candidate,
Cat Food,,RAWZ,RAWZ,out_of_set_candidate,
Cat Food,,RAWZ,Rawz,out_of_set_candidate,
Cat Food,,Dr. Elsey's cleanprotein,Dr. Elsey's Cleanprotein,out_of_set_candidate,
Cat Food,,Dr. Elsey's cleanprotein,Dr. Elsey's cleanprotein,out_of_set_candidate,
Cat Food,,Smallbatch Pets,Smallbatch Pets,out_of_set_candidate,
Cat Food,,Smallbatch Pets,Smallbatch,out_of_set_candidate,
Cat Food,,Annamaet,Annamaet,out_of_set_candidate,
Cat Food,,Annamaet,Annamaet Feline,out_of_set_candidate,
Coffee Maker,,Rocket Espresso,Rocket Espresso,out_of_set_candidate,
Coffee Maker,,Rocket Espresso,Rocket,out_of_set_candidate,
Coffee Maker,,Rancilio,Rancilio,out_of_set_candidate,
Coffee Maker,,Rancilio,Rancilio Silvia,out_of_set_candidate,
Coffee Maker,,Flair Espresso,Flair Espresso,out_of_set_candidate,
Coffee Maker,,Flair Espresso,Flair,out_of_set_candidate,
Coffee Maker,,Flair Espresso,Flair 58,out_of_set_candidate,
Coffee Maker,,Flair Espresso,Flair Espresso Maker,out_of_set_candidate,
Coffee Maker,,AeroPress,AeroPress,out_of_set_candidate,
Coffee Maker,,AeroPress,Aeropress,out_of_set_candidate,
Coffee Maker,,AeroPress,"AeroPress, Inc.",out_of_set_candidate,
Coffee Maker,,Stumptown Coffee Roasters,Stumptown Coffee Roasters,out_of_set_candidate,
Coffee Maker,,Stumptown Coffee Roasters,Stumptown,out_of_set_candidate,
Coffee Maker,,Counter Culture Coffee,Counter Culture Coffee,out_of_set_candidate,
Coffee Maker,,Counter Culture Coffee,Counter Culture,out_of_set_candidate,
Coffee Maker,,Intelligentsia Coffee,Intelligentsia Coffee,out_of_set_candidate,
Coffee Maker,,Intelligentsia Coffee,Intelligentsia,out_of_set_candidate,
Coffee Maker,,Blue Bottle Coffee,Blue Bottle Coffee,out_of_set_candidate,
Coffee Maker,,Blue Bottle Coffee,Blue Bottle,out_of_set_candidate,
Coffee Maker,,Peet's Coffee,Peet's Coffee,out_of_set_candidate,
Coffee Maker,,Peet's Coffee,Peet's,out_of_set_candidate,
Coffee Maker,,Kalita,Kalita,out_of_set_candidate,
Coffee Maker,,Kalita,Kalita Wave,out_of_set_candidate,
Coffee Maker,,Miele,Miele,out_of_set_candidate,
Coffee Maker,,Miele,Miele**,out_of_set_candidate,
Coffee Maker,,Slayer,Slayer,out_of_set_candidate,
Coffee Maker,,Slayer,Slayer Espresso,out_of_set_candidate,
Coffee Maker,,Londinium,Londinium,out_of_set_candidate,
Coffee Maker,,Londinium,Londinium Espresso,out_of_set_candidate,
Coffee Maker,,Cafelat,Cafelat,out_of_set_candidate,
Coffee Maker,,Cafelat,Cafelat Robot,out_of_set_candidate,
Hiking Jacket,,Fjällräven,Fjällräven,out_of_set_candidate,
Hiking Jacket,,Fjällräven,Fjallraven,out_of_set_candidate,
Hiking Jacket,,Norrøna,Norrøna,out_of_set_candidate,
Hiking Jacket,,Norrøna,Norrona,out_of_set_candidate,
Hiking Jacket,,Norrøna,Norr na,out_of_set_candidate,
Hiking Jacket,,Norrøna,Norr n a,out_of_set_candidate,
Hiking Jacket,,Norrøna,Norr øna,out_of_set_candidate,
Hiking Jacket,,VAUDE,VAUDE,out_of_set_candidate,
Hiking Jacket,,VAUDE,Vaude,out_of_set_candidate,
Hiking Jacket,,Picture Organic Clothing,Picture Organic Clothing,out_of_set_candidate,
Hiking Jacket,,Picture Organic Clothing,Picture Organic,out_of_set_candidate,
Hiking Jacket,,Houdini Sportswear,Houdini Sportswear,out_of_set_candidate,
Hiking Jacket,,Houdini Sportswear,Houdini,out_of_set_candidate,
Hiking Jacket,,Decathlon,Decathlon,out_of_set_candidate,
Hiking Jacket,,Decathlon,Decathlon Quechua,out_of_set_candidate,
Hiking Jacket,,KEEN,KEEN,out_of_set_candidate,
Hiking Jacket,,KEEN,Keen,out_of_set_candidate,
Hiking Jacket,,tentree,tentree,out_of_set_candidate,
Hiking Jacket,,tentree,Tentree,out_of_set_candidate,
Hiking Jacket,,Haglöfs,Haglöfs,out_of_set_candidate,
Hiking Jacket,,Haglöfs,Haglofs,out_of_set_candidate,
Hiking Jacket,,Klättermusen,Klättermusen,out_of_set_candidate,
Hiking Jacket,,Klättermusen,Klattermusen,out_of_set_candidate,
Boat Cruise,,,Regent's sister-style alternative,excluded_non_brand,parser_noise
Cat Food,,,Canned,excluded_non_brand,parser_noise
Cat Food,,,I shouldn't give you a ranked recommendation list,excluded_non_brand,parser_noise
Cat Food,,,specific condition matters enormously,excluded_non_brand,parser_noise
Cat Food,,,commonly prescribed,excluded_non_brand,parser_noise
Cat Food,,,Your veterinarian is genuinely your best resource here,excluded_non_brand,parser_noise
Cat Food,,,board-certified veterinary nutritionist,excluded_non_brand,parser_noise
Coffee Maker,,,James Hoffmann,excluded_non_brand,person_not_brand
Coffee Maker,,,Moka Pot,excluded_non_brand,product_type_not_brand
Hiking Jacket,,,Patagonia's closest peer,excluded_non_brand,parser_noise
Cordless Drill,,,Black+Decker or Craftsman,ambiguous_compound,multiple_brands_in_single_rank
Cordless Drill,,,Black+Decker or Craftsman V20,ambiguous_compound,multiple_brands_in_single_rank
