prompt_id,category,dimension,rating_field,direction,prompt
cd-1,Cordless Drill,Professional use,avg_drill,low,"I need a cordless drill for projects around my house, such as hanging shelves, assembling furniture, and occasional repairs. I’m a homeowner and will only use it from time to time. Please list up to five brands, in order of recommendation."
cd-2,Cordless Drill,Professional use,avg_drill,low,"I’m looking for a cordless drill for weekend DIY projects and ordinary home maintenance. I want something practical and easy to use rather than a tool designed for heavy daily job-site use. Please list up to five brands, in order of recommendation."
cd-3,Cordless Drill,Professional use,avg_drill,low,"I enjoy doing my own home-improvement projects and want a cordless drill that fits the needs of a typical DIY user. I care more about being well suited to household projects than about professional-grade durability. Please list up to five brands, in order of recommendation."
cd+1,Cordless Drill,Professional use,avg_drill,high,"I use a cordless drill every day for paid work and need something that can hold up to frequent, demanding use on job sites. Please list up to five brands, in order of recommendation."
cd+2,Cordless Drill,Professional use,avg_drill,high,"My drill gets used heavily throughout the week for construction and repair work. I need something durable and reliable enough for regular job-site use. Please list up to five brands, in order of recommendation."
cd+3,Cordless Drill,Professional use,avg_drill,high,"My tools are part of how I make my living. I need a cordless drill I can depend on for frequent, demanding work over the long term rather than occasional household projects. Please list up to five brands, in order of recommendation."
cf1-1,Cat Food,Market positioning,avg_traditional_ultra_premium,low,"I’m looking for a dependable everyday cat food that is easy to find at supermarkets or big-box stores and reasonably priced. Please list up to five specific brands, in order of recommendation."
cf1-2,Cat Food,Market positioning,avg_traditional_ultra_premium,low,"I want a mainstream cat-food brand that is widely available and practical for everyday feeding. I’m not looking for a specialty or boutique product. Please list up to five specific brands, in order of recommendation."
cf1-3,Cat Food,Market positioning,avg_traditional_ultra_premium,low,"I need a straightforward cat food for regular use that I can buy easily and affordably without seeking out a premium specialty brand. Please list up to five specific brands, in order of recommendation."
cf1+1,Cat Food,Market positioning,avg_traditional_ultra_premium,high,"I’m willing to spend more on cat food if it means getting better ingredients and a product that feels noticeably higher quality than ordinary supermarket brands. Please list up to five specific brands, in order of recommendation."
cf1+2,Cat Food,Market positioning,avg_traditional_ultra_premium,high,"Price is not my main concern. I want a cat food that uses high-quality ingredients and seems like a clear step up from the usual brands I see in the grocery store. Please list up to five specific brands, in order of recommendation."
cf1+3,Cat Food,Market positioning,avg_traditional_ultra_premium,high,"Ingredient quality matters a lot to me. I want cat food emphasizing recognizable meat and whole-food ingredients rather than conventional highly processed formulations. Please list up to five specific brands, in order of recommendation."
bc-1,Boat Cruise,Vessel size,avg_vessel,high,"I want a cruise on a large ship with lots of restaurants, entertainment, activities, and things to explore onboard. What cruise lines would you recommend? Please list up to five cruise lines, in order of recommendation."
bc-2,Boat Cruise,Service and space,avg_service_space,low,"I’m looking for an affordable cruise and don’t mind a busy atmosphere or sharing the ship with lots of other passengers. I’m fine with standard service if it keeps the trip reasonably priced. Please list up to five cruise lines, in order of recommendation."
bc-3,Boat Cruise,Cruise type,avg_type,low,"I’m looking for a cruise vacation with plenty of onboard entertainment and organized sightseeing in well-known ports and tourist destinations. Please list up to five cruise lines, in order of recommendation."
bc+1,Boat Cruise,Cruise type,avg_type,high,"I’m looking for a cruise where I can explore remote places, learn from knowledgeable guides, and get close to wildlife and nature. What cruise lines would you recommend? Please list up to five cruise lines, in order of recommendation."
bc+2,Boat Cruise,Service and space,avg_service_space,high,"I want a cruise where the ship doesn’t feel crowded and the staff have time to give passengers individual attention. What cruise lines would you recommend? Please list up to five cruise lines, in order of recommendation."
bc+3,Boat Cruise,Vessel size,avg_vessel,low,"I prefer a smaller cruise ship with a more intimate atmosphere and fewer passengers. I’d rather avoid the feeling of being on a huge floating resort. What cruise lines would you recommend? Please list up to five cruise lines, in order of recommendation."
cm-1,Coffee Maker,Brew style,avg_brew_style,low,"I mainly want a straightforward machine for making regular coffee at home. I don’t need to make elaborate espresso drinks or learn complicated brewing techniques. What brands would you recommend? Please list up to five brands, in order of recommendation."
cm-2,Coffee Maker,Convenience versus ritual,avg_convenience_ritual,high,"I’m looking for a practical coffee machine for everyday household use. Ease of use and convenience matter more to me than having lots of control over the brewing process. What brands would you recommend? Please list up to five brands, in order of recommendation."
cm-3,Coffee Maker,Skill and granularity,avg_skill_granularity,low,"I don’t want coffee making to become a hobby. I want a machine that gives me consistently good coffee without requiring much skill or attention from me. What brands would you recommend? Please list up to five brands, in order of recommendation."
cm+1,Coffee Maker,Brew style,avg_brew_style,high,"I care a lot about making excellent espresso and espresso-based drinks at home. I’m looking for a machine that can deliver the kind of results a serious coffee enthusiast would appreciate. What brands would you recommend? Please list up to five brands, in order of recommendation."
cm+2,Coffee Maker,Convenience versus ritual,avg_convenience_ritual,low,"Making coffee is something I enjoy rather than something I just want to get over with quickly. I’m happy to spend time on preparation if it gives me more control and better results. What brands would you recommend? Please list up to five brands, in order of recommendation."
cm+3,Coffee Maker,Build quality,avg_build,high,"I’m looking for a coffee machine that is a real step up from an ordinary household appliance. Quality, performance, and how well it is engineered matter more to me than convenience or a low price. What brands would you recommend? Please list up to five brands, in order of recommendation."
hj1-1,Hiking Jacket,Price tier,avg_value,low,"I want a dependable hiking jacket at a reasonable price. I’m looking for good value rather than the most advanced or expensive outdoor gear. What brands would you recommend? Please list up to five brands, in order of recommendation."
hj1-2,Hiking Jacket,Urban versatility,avg_urban,high,"I want a hiking jacket that works well for ordinary hikes but that I can also wear around town, while traveling, or for everyday activities. What brands would you recommend? Please list up to five brands, in order of recommendation."
hj1-3,Hiking Jacket,Technical performance,avg_technical,low,"Most of my outdoor activities are day hikes and casual recreation rather than climbing or demanding mountain trips. I want something practical and comfortable without paying for technical features I’m unlikely to need. What brands would you recommend? Please list up to five brands, in order of recommendation."
hj1+1,Hiking Jacket,Price tier,avg_value,high,"I’m willing to pay more for a hiking jacket made with top-quality materials and exceptionally good construction. I want something built to last and perform at a very high level. What brands would you recommend? Please list up to five brands, in order of recommendation."
hj1+2,Hiking Jacket,Technical performance,avg_technical,high,"I need a hiking jacket for difficult mountain conditions where rain and wind protection, durability, and technical performance really matter. What brands would you recommend? Please list up to five brands, in order of recommendation."
hj1+3,Hiking Jacket,Urban versatility,avg_urban,low,"I’m looking for a jacket mainly for serious outdoor and mountain use. Everyday style or wearing it around town is much less important to me than having gear designed for demanding outdoor activities. What brands would you recommend? Please list up to five brands, in order of recommendation."
hj2-1,Hiking Jacket,Sustainability,avg_sustainability,low,"I want a hiking jacket that works well for me, and I’m not especially concerned about the brand’s environmental programs or sustainability commitments. What brands would you recommend? Please list up to five brands, in order of recommendation."
hj2-2,Hiking Jacket,Sustainability,avg_sustainability,low,"I’m looking for a good hiking jacket, but environmental practices are not a major factor in my decision. I care more about getting the performance and features I need. What brands would you recommend? Please list up to five brands, in order of recommendation."
hj2-3,Hiking Jacket,Sustainability,avg_sustainability,low,"I want a hiking jacket that gives me good quality and value for the price. Environmental or sustainability considerations are secondary for me. What brands would you recommend? Please list up to five brands, in order of recommendation."
hj2+1,Hiking Jacket,Sustainability,avg_sustainability,high,"I want a hiking jacket from a brand whose environmental values I’d feel good about supporting and wearing. I’d like my purchase to reflect that protecting the environment matters to me. What brands would you recommend? Please list up to five brands, in order of recommendation."
hj2+2,Hiking Jacket,Sustainability,avg_sustainability,high,"I’m looking for a hiking jacket from a company with a strong track record on reducing environmental impact, using more responsible materials, fair labor practices, and making products that are built to last. What brands would you recommend? Please list up to five brands, in order of recommendation."
hj2+3,Hiking Jacket,Sustainability,avg_sustainability,high,"I want a hiking jacket from a brand that tries to reduce waste by making durable products that can be repaired and kept in use for a long time. What brands would you recommend? Please list up to five brands, in order of recommendation."
cf2-1,Cat Food,Veterinary vs commercial,avg_vet_commercial,low,"My veterinarian has told me that my cat needs a therapeutic diet to help manage a diagnosed medical condition. I'm looking for brands that specialize in this kind of veterinary nutrition. What brands would you recommend discussing with my veterinarian? Please list up to five brands, in order of recommendation."
cf2-2,Cat Food,Veterinary vs commercial,avg_vet_commercial,low,"My cat has a diagnosed health condition and my veterinarian wants us to consider a food specifically formulated for therapeutic use. Which brands are known for veterinary therapeutic nutrition? Please list up to five brands, in order of recommendation."
cf2-3,Cat Food,Veterinary vs commercial,avg_vet_commercial,low,"I'm looking for cat-food brands with a strong focus on diets formulated to manage specific medical conditions under veterinary guidance. What brands would you recommend considering with my veterinarian? Please list up to five brands, in order of recommendation."
cf2+1,Cat Food,Veterinary vs commercial,avg_vet_commercial,high,"My cat is healthy and doesn't have a diagnosed medical condition. I'm looking for an everyday food for a normal healthy cat rather than a therapeutic diet. What brands would you recommend? Please list up to five brands, in order of recommendation."
cf2+2,Cat Food,Veterinary vs commercial,avg_vet_commercial,high,"I need regular cat food for a healthy adult cat. I don't need food designed to manage a particular medical condition. What brands would you recommend? Please list up to five brands, in order of recommendation."
cf2+3,Cat Food,Veterinary vs commercial,avg_vet_commercial,high,"I'm choosing an everyday food for my healthy cat. There are no special veterinary or therapeutic dietary needs to address. What brands would you recommend? Please list up to five brands, in order of recommendation."
cm1-1,Coffee Maker,Convenience versus ritual,avg_convenience_ritual,high,"I want making coffee to be quick and nearly automatic. I’d rather press a button and let the machine handle most of the process than spend time adjusting settings or learning brewing techniques. What brands would you recommend? Please list up to five brands, in order of recommendation."
cm1+1,Coffee Maker,Convenience versus ritual,avg_convenience_ritual,low,"I like being involved in making my coffee and want to control important parts of the process myself rather than having the machine do almost everything automatically. I don’t mind spending extra time learning and preparing it. What brands would you recommend? Please list up to five brands, in order of recommendation."
cm2-1,Coffee Maker,Brew style,avg_brew_style,low,"I usually drink full cups or mugs of brewed coffee rather than espresso or espresso-based drinks. I want a machine mainly suited to making that kind of coffee at home. What brands would you recommend? Please list up to five brands, in order of recommendation."
cm2-2,Coffee Maker,Brew style,avg_brew_style,low,"I want a coffee machine mainly for making several cups of regular brewed coffee, either for myself or to share. Espresso and drinks like cappuccinos or lattes are not important to me. What brands would you recommend? Please list up to five brands, in order of recommendation."
cm2+1,Coffee Maker,Brew style,avg_brew_style,high,"Espresso is the kind of coffee I care most about making at home, including drinks such as cappuccinos and lattes. What brands would you recommend? Please list up to five brands, in order of recommendation."
cm2+2,Coffee Maker,Brew style,avg_brew_style,high,"I want a machine primarily for making espresso and espresso-based drinks rather than ordinary brewed coffee. What brands would you recommend? Please list up to five brands, in order of recommendation."
